key,created,openingVersion,fixVersions,affectedVersions
OPENJPA-2942,2025-07-15T04:43:30.000+0000,4.1.1,,4.1.1
OPENJPA-2939,2025-06-28T14:09:03.000+0000,4.1.1,,4.1.1
OPENJPA-2938,2025-06-18T10:02:32.000+0000,4.1.1,,4.1.1
OPENJPA-2937,2025-06-18T03:47:04.000+0000,4.1.1,,4.1.1
OPENJPA-2936,2025-04-09T13:31:31.000+0000,4.1.0,4.1.1,4.0.1;4.1.0
OPENJPA-2933,2025-01-17T18:52:23.000+0000,4.0.1,4.1.0,4.0.1
OPENJPA-2932,2025-01-15T14:27:10.000+0000,4.0.1,4.1.0,4.0.1
OPENJPA-2930,2024-12-22T12:22:25.000+0000,4.0.1,4.1.0,4.0.1
OPENJPA-2928,2024-09-27T14:54:37.000+0000,4.0.1,4.1.0,4.0.1
OPENJPA-2925,2024-08-27T15:31:43.000+0000,4.0.0,4.1.1,3.2.2;4.0.0
OPENJPA-2923,2024-07-11T03:54:34.000+0000,4.0.0,4.0.1,4.0.0
OPENJPA-2921,2024-05-27T16:53:44.000+0000,4.0.0,4.0.1,4.0.0
OPENJPA-2918,2023-12-01T14:29:27.000+0000,3.2.2,,
OPENJPA-2915,2023-09-18T19:59:10.000+0000,3.2.2,4.0.0,3.2.2
OPENJPA-2907,2023-04-20T07:33:18.000+0000,3.2.2,,3.2.2
OPENJPA-2898,2022-02-09T09:40:41.000+0000,3.2.1,4.1.0,3.2.1;3.2.2
OPENJPA-2896,2021-12-17T10:35:38.000+0000,3.2.0,3.2.1,
OPENJPA-2891,2021-11-30T09:29:45.000+0000,3.2.0,3.2.1,3.2.0
OPENJPA-2889,2021-11-22T15:06:21.000+0000,3.2.0,3.2.1,3.2.0
OPENJPA-2883,2021-10-21T13:46:08.000+0000,3.2.0,3.2.1,3.2.0
OPENJPA-2882,2021-10-12T22:04:20.000+0000,3.2.0,3.2.1,
OPENJPA-2877,2021-07-12T13:50:32.000+0000,3.2.0,3.2.1,
OPENJPA-2876,2021-06-10T18:54:23.000+0000,3.2.0,3.2.1,3.0.0
OPENJPA-2871,2021-05-08T11:56:14.000+0000,3.1.2,3.2.0,3.2.0
OPENJPA-2866,2021-04-10T10:25:45.000+0000,3.1.2,3.2.0,3.1.2
OPENJPA-2865,2021-04-09T12:26:11.000+0000,3.1.2,3.2.0,3.1.2
OPENJPA-2864,2021-04-08T12:53:45.000+0000,3.1.2,3.2.0,3.1.2
OPENJPA-2863,2021-04-08T09:41:12.000+0000,3.1.2,3.2.0,3.1.2
OPENJPA-2862,2021-04-06T20:28:56.000+0000,3.1.2,3.2.0,3.1.2
OPENJPA-2861,2021-04-06T14:51:18.000+0000,3.1.2,3.2.0,3.1.2
OPENJPA-2860,2021-04-05T16:16:29.000+0000,3.1.2,3.2.0,3.1.2
OPENJPA-2859,2021-04-04T11:50:14.000+0000,3.1.2,3.2.0,3.1.2
OPENJPA-2858,2021-04-03T20:42:43.000+0000,3.1.2,3.2.0,3.1.2
OPENJPA-2857,2021-04-03T14:08:01.000+0000,3.1.2,3.2.0,3.1.2
OPENJPA-2856,2021-04-03T06:41:38.000+0000,3.1.2,3.2.0,3.1.2
OPENJPA-2855,2021-04-01T19:18:21.000+0000,3.1.2,3.2.0,3.2.0
OPENJPA-2854,2021-04-01T15:01:37.000+0000,3.1.2,3.2.0,3.1.2
OPENJPA-2851,2021-03-30T15:13:25.000+0000,3.1.2,3.2.0,3.1.2
OPENJPA-2850,2021-03-30T07:19:27.000+0000,3.1.2,3.2.0,3.1.2
OPENJPA-2849,2021-03-28T12:26:01.000+0000,3.1.2,3.2.0,3.1.2
OPENJPA-2848,2021-03-04T15:15:54.000+0000,3.1.2,,3.1.2
OPENJPA-2846,2020-12-21T09:36:35.000+0000,3.1.2,3.2.0,3.1.2
OPENJPA-2843,2020-12-01T11:11:30.000+0000,3.1.2,3.2.0,3.1.2
OPENJPA-2842,2020-11-30T18:53:01.000+0000,3.1.2,3.2.0,3.1.2
OPENJPA-2834,2020-09-30T09:53:55.000+0000,3.1.2,3.2.0,3.1.1
OPENJPA-2832,2020-09-28T15:50:25.000+0000,3.1.2,3.2.0,
OPENJPA-2830,2020-09-15T15:53:10.000+0000,3.1.2,3.2.0,
OPENJPA-2829,2020-09-15T14:57:05.000+0000,3.1.2,3.2.0,
OPENJPA-2828,2020-09-15T09:58:35.000+0000,3.1.2,3.2.0,3.1.2
OPENJPA-2827,2020-09-07T09:59:06.000+0000,3.1.2,,
OPENJPA-2821,2020-07-23T11:53:56.000+0000,3.1.2,3.2.0,3.1.2
OPENJPA-2810,2020-04-22T02:13:52.000+0000,3.1.1,3.1.2,3.1.1
OPENJPA-2807,2020-02-28T10:01:17.000+0000,3.1.1,3.1.2,3.1.1
OPENJPA-2802,2020-01-26T16:18:33.000+0000,3.1.0,,3.1.0
OPENJPA-2799,2019-12-18T07:31:13.000+0000,3.1.0,3.1.1,3.1.0
OPENJPA-2795,2019-08-29T09:45:43.000+0000,3.1.0,3.2.0,2.4.3;3.1.0
OPENJPA-2791,2019-06-24T17:58:11.000+0000,3.1.0,3.1.0,2.4.3
OPENJPA-2789,2019-06-18T16:33:58.000+0000,3.1.0,3.2.0,2.4.3
OPENJPA-2788,2019-04-18T07:46:06.000+0000,3.1.0,3.2.0,3.1.0
OPENJPA-2785,2019-04-10T08:23:18.000+0000,2.4.3,3.1.0,3.1.0
OPENJPA-2781,2019-03-21T19:36:51.000+0000,2.4.3,3.1.0,
OPENJPA-2780,2019-03-20T13:26:29.000+0000,2.4.3,3.1.0,2.4.2;2.4.3;3.0.0
OPENJPA-2777,2019-03-01T10:40:48.000+0000,2.4.3,3.1.0,3.0.0
OPENJPA-2772,2019-02-02T12:15:54.000+0000,2.4.3,3.1.0,3.0.0
OPENJPA-2771,2019-02-02T09:21:53.000+0000,2.4.3,3.1.0,3.0.0
OPENJPA-2770,2019-01-22T23:30:15.000+0000,2.4.3,3.1.0,2.4.2;2.4.3;3.0.0
OPENJPA-2768,2019-01-10T11:28:22.000+0000,2.4.3,3.1.0,3.0.0
OPENJPA-2764,2019-01-02T08:57:54.000+0000,2.4.3,3.1.0,3.0.0
OPENJPA-2761,2018-12-07T16:46:30.000+0000,2.4.3,3.1.0,2.2.1;2.4.3;3.0.0
OPENJPA-2757,2018-11-10T20:15:20.000+0000,2.4.3,3.1.0,3.0.0
OPENJPA-2756,2018-11-10T19:46:56.000+0000,2.4.3,3.1.0,3.0.0
OPENJPA-2746,2018-08-16T05:23:46.000+0000,2.4.3,3.1.0,
OPENJPA-2743,2018-07-12T15:19:47.000+0000,2.4.3,3.1.1,2.4.2
OPENJPA-2742,2018-06-29T05:36:42.000+0000,2.4.3,3.1.0,2.4.3;3.0.0
OPENJPA-2733,2018-04-09T00:34:55.000+0000,2.4.2,3.1.0,2.4.2
OPENJPA-2731,2018-03-27T20:25:25.000+0000,2.4.2,3.2.0,2.2.2
OPENJPA-2725,2018-01-03T13:45:05.000+0000,2.4.2,2.4.3,2.4.2
OPENJPA-2707,2017-07-21T14:38:11.000+0000,2.4.2,,3.0.0
OPENJPA-2705,2017-07-14T15:41:06.000+0000,2.4.2,,2.1.1
OPENJPA-2704,2017-07-07T13:20:03.000+0000,2.4.2,3.1.0,2.2.2
OPENJPA-2698,2017-05-01T22:41:02.000+0000,2.4.2,2.4.3,2.2.2
OPENJPA-2691,2017-03-09T19:49:36.000+0000,2.4.2,2.4.3,2.4.2
OPENJPA-2690,2017-03-09T18:02:29.000+0000,2.4.2,2.4.3,2.4.2
OPENJPA-2689,2017-02-27T10:07:10.000+0000,2.4.2,2.4.3,2.4.2;3.0.0
OPENJPA-2684,2016-12-15T14:25:07.000+0000,2.4.1,3.0.0,2.3.0;2.4.1
OPENJPA-2676,2016-10-20T07:55:47.000+0000,2.4.1,3.0.0,2.4.1
OPENJPA-2675,2016-10-20T07:49:18.000+0000,2.4.1,3.0.0,2.4.1
OPENJPA-2674,2016-10-18T11:48:15.000+0000,2.4.1,3.0.0,2.4.1
OPENJPA-2673,2016-10-12T13:10:11.000+0000,2.4.1,3.1.0,
OPENJPA-2672,2016-10-10T16:42:39.000+0000,2.4.1,3.0.0,2.4.1
OPENJPA-2658,2016-08-21T13:06:43.000+0000,2.4.1,3.0.0,2.4.1
OPENJPA-2651,2016-08-08T21:13:08.000+0000,2.4.1,2.4.2,2.2.2;2.3.0;2.4.1
OPENJPA-2650,2016-07-15T03:23:37.000+0000,2.4.1,2.4.2,2.3.0;2.4.2
OPENJPA-2648,2016-07-01T09:19:58.000+0000,2.4.1,3.2.0,2.4.1
OPENJPA-2646,2016-06-21T17:20:03.000+0000,2.4.1,2.4.3,2.4.1
OPENJPA-2645,2016-06-17T18:36:45.000+0000,2.4.1,,1.1.0;1.2.3;2.0.1;2.2.2;2.3.0
OPENJPA-2640,2016-04-12T13:21:49.000+0000,2.4.1,2.4.2,2.4.1
OPENJPA-2638,2016-04-05T15:37:31.000+0000,2.4.1,,2.2.2
OPENJPA-2636,2016-03-31T04:10:03.000+0000,2.4.1,2.4.2,2.4.2
OPENJPA-2632,2016-03-04T13:42:04.000+0000,2.4.1,2.4.2,2.4.1
OPENJPA-2631,2016-02-11T23:28:57.000+0000,2.4.0,2.4.2,2.4.1
OPENJPA-2628,2016-02-02T22:37:04.000+0000,2.4.0,,1.2.3;2.3.0
OPENJPA-2626,2016-01-29T10:36:04.000+0000,2.4.0,2.4.1,2.4.0
OPENJPA-2617,2015-11-27T12:10:54.000+0000,2.4.0,2.4.1,2.4.0
OPENJPA-2616,2015-11-23T15:31:01.000+0000,2.4.0,2.4.1,1.0.0;1.0.1;1.0.2;1.0.3;1.0.4;1.1.0;1.2.0;1.2.1;1.2.2;1.2.3;2.0.0;2.0.1;2.1.0;2.1.1;2.2.0;2.2.1;2.2.2;2.3.0;2.4.0
OPENJPA-2614,2015-11-17T14:11:47.000+0000,2.4.0,3.2.1,2.4.0
OPENJPA-2609,2015-10-05T21:56:59.000+0000,2.4.0,2.4.1,2.4.0
OPENJPA-2605,2015-08-11T18:36:24.000+0000,2.4.0,2.4.1,2.2.2;2.4.0
OPENJPA-2603,2015-08-05T20:32:24.000+0000,2.4.0,2.4.1,2.4.1
OPENJPA-2601,2015-07-20T18:20:43.000+0000,2.4.0,2.4.1,2.3.0;2.4.0
OPENJPA-2600,2015-06-29T19:29:02.000+0000,2.4.0,2.4.1,2.4.0
OPENJPA-2597,2015-06-29T04:09:57.000+0000,2.4.0,2.4.1,
OPENJPA-2596,2015-06-06T14:45:37.000+0000,2.4.0,2.4.1,2.4.0
OPENJPA-2586,2015-05-15T00:04:10.000+0000,2.4.0,2.4.1,2.2.2;2.4.1
OPENJPA-2582,2015-05-05T09:00:30.000+0000,2.4.0,2.4.1,2.4.0
OPENJPA-2576,2015-04-07T06:09:40.000+0000,2.3.0,2.4.0,2.3.0
OPENJPA-2573,2015-03-16T14:15:18.000+0000,2.3.0,2.4.0,
OPENJPA-2571,2015-02-25T23:42:29.000+0000,2.3.0,2.4.0,2.4.0
OPENJPA-2567,2015-02-02T15:35:48.000+0000,2.3.0,3.1.0,2.3.0
OPENJPA-2557,2015-01-10T02:02:11.000+0000,2.3.0,2.4.0,2.2.2;2.3.0;2.4.0
OPENJPA-2555,2015-01-06T14:58:50.000+0000,2.3.0,3.1.0,2.2.2;2.3.0
OPENJPA-2551,2014-12-10T15:48:47.000+0000,2.3.0,2.4.0,2.2.1;2.2.2;2.3.0
OPENJPA-2548,2014-11-27T03:34:38.000+0000,2.3.0,,
OPENJPA-2547,2014-11-25T16:58:25.000+0000,2.3.0,2.4.0,2.2.2;2.3.0;2.4.0
OPENJPA-2542,2014-11-11T14:51:15.000+0000,2.3.0,2.4.0,2.3.0;2.4.0
OPENJPA-2539,2014-10-24T02:39:01.000+0000,2.3.0,2.4.1,2.1.0
OPENJPA-2536,2014-10-14T00:00:43.000+0000,2.3.0,2.4.0,2.3.0;2.4.0
OPENJPA-2534,2014-10-07T15:50:18.000+0000,2.3.0,2.4.0,2.3.0;2.4.0
OPENJPA-2533,2014-10-07T00:28:08.000+0000,2.3.0,2.4.0,2.2.2;2.3.0;2.4.0
OPENJPA-2525,2014-08-22T23:58:59.000+0000,2.3.0,2.4.0,2.2.2
OPENJPA-2517,2014-07-15T08:50:03.000+0000,2.3.0,2.4.1,2.2.0;2.2.1;2.2.2;2.3.0
OPENJPA-2515,2014-07-08T18:07:46.000+0000,2.3.0,2.4.0,2.3.0;2.4.0
OPENJPA-2510,2014-06-02T07:59:21.000+0000,2.3.0,,2.4.0
OPENJPA-2508,2014-05-29T14:07:08.000+0000,2.3.0,2.4.0,2.2.2;2.3.0;2.4.0
OPENJPA-2507,2014-05-27T20:57:04.000+0000,2.3.0,2.4.0,2.2.0;2.3.0;2.4.0
OPENJPA-2506,2014-05-23T17:56:26.000+0000,2.3.0,2.4.0,2.0.1;2.1.1;2.2.2;2.3.0;2.4.0
OPENJPA-2505,2014-05-16T15:55:17.000+0000,2.3.0,2.4.0,2.1.0;2.2.2;2.3.0;2.4.0
OPENJPA-2502,2014-05-09T17:25:08.000+0000,2.3.0,2.4.0,2.2.1;2.2.2;2.3.0;2.4.0
OPENJPA-2494,2014-04-14T16:42:42.000+0000,2.3.0,2.4.0,2.3.0;2.4.0
OPENJPA-2482,2014-03-11T20:41:17.000+0000,2.3.0,2.4.0,2.1.1;2.2.2;2.3.0;2.4.0
OPENJPA-2480,2014-03-07T12:19:44.000+0000,2.3.0,2.3.0,
OPENJPA-2478,2014-02-12T18:16:55.000+0000,2.3.0,2.4.0,2.2.2;2.3.0;2.4.0
OPENJPA-2476,2014-02-07T17:58:42.000+0000,2.3.0,2.4.0,2.1.0;2.2.0;2.3.0;2.4.0
OPENJPA-2475,2014-01-30T18:30:11.000+0000,2.3.0,2.4.0,2.1.1;2.2.2;2.3.0;2.4.0
OPENJPA-2472,2014-01-17T23:22:59.000+0000,2.3.0,2.4.0,2.2.2;2.3.0
OPENJPA-2470,2014-01-15T01:10:23.000+0000,2.3.0,2.4.0,2.0.1;2.1.1;2.2.2
OPENJPA-2467,2013-12-20T21:52:46.000+0000,2.3.0,2.4.0,2.2.2
OPENJPA-2463,2013-12-04T15:53:46.000+0000,2.3.0,2.4.0,2.0.1;2.2.2
OPENJPA-2456,2013-11-18T19:32:20.000+0000,2.2.2,2.4.0,
OPENJPA-2444,2013-10-24T21:30:53.000+0000,2.2.2,2.4.0,2.3.0
OPENJPA-2443,2013-10-22T21:28:47.000+0000,2.2.2,2.4.0,2.3.0;2.4.0
OPENJPA-2442,2013-10-21T18:59:35.000+0000,2.2.2,2.4.0,2.4.0
OPENJPA-2441,2013-10-21T16:08:53.000+0000,2.2.2,2.4.0,2.4.0
OPENJPA-2440,2013-10-16T13:53:08.000+0000,2.2.2,2.3.0,2.3.0
OPENJPA-2437,2013-10-11T16:09:54.000+0000,2.2.2,2.3.0,
OPENJPA-2435,2013-10-09T01:02:08.000+0000,2.2.2,2.3.0,2.1.0;2.2.2;2.3.0
OPENJPA-2432,2013-09-27T12:05:21.000+0000,2.2.2,2.3.0,
OPENJPA-2425,2013-09-03T19:19:09.000+0000,2.2.2,2.3.0,2.3.0
OPENJPA-2423,2013-08-26T17:56:29.000+0000,2.2.2,2.3.0,2.1.1;2.2.2;2.3.0
OPENJPA-2421,2013-08-14T10:46:03.000+0000,2.2.2,2.3.0,2.2.2;2.3.0
OPENJPA-2418,2013-08-06T22:33:48.000+0000,2.2.2,2.3.0,2.3.0
OPENJPA-2414,2013-07-24T18:10:08.000+0000,2.2.2,2.3.0,2.3.0
OPENJPA-2409,2013-07-11T08:11:36.000+0000,2.2.2,2.3.0,2.2.2
OPENJPA-2405,2013-06-25T09:38:19.000+0000,2.2.2,2.3.0,
OPENJPA-2400,2013-06-14T15:29:15.000+0000,2.2.2,2.3.0,
OPENJPA-2391,2013-05-31T15:16:49.000+0000,2.2.2,2.3.0,
OPENJPA-2390,2013-05-29T12:40:07.000+0000,2.2.2,2.3.0,2.2.1
OPENJPA-2384,2013-05-22T17:39:50.000+0000,2.2.2,2.3.0,
OPENJPA-2381,2013-05-15T15:13:41.000+0000,2.2.2,2.4.0,2.2.2
OPENJPA-2378,2013-05-05T16:45:16.000+0000,2.2.2,2.3.0,2.3.0
OPENJPA-2377,2013-04-25T10:15:48.000+0000,2.2.2,2.3.0,
OPENJPA-2374,2013-04-23T15:00:34.000+0000,2.2.2,2.3.0,2.2.1;2.3.0
OPENJPA-2369,2013-04-15T20:02:39.000+0000,2.2.1,2.3.0,2.2.1
OPENJPA-2357,2013-03-22T17:31:42.000+0000,2.2.1,2.3.0,2.2.0;2.2.1
OPENJPA-2355,2013-03-20T22:50:42.000+0000,2.2.1,2.3.0,
OPENJPA-2343,2013-03-01T14:56:12.000+0000,2.2.1,2.3.0,2.2.1;2.3.0
OPENJPA-2341,2013-02-27T16:24:14.000+0000,2.2.1,2.4.1,2.2.0
OPENJPA-2339,2013-02-24T21:47:59.000+0000,2.2.1,2.2.1,2.2.0;2.2.1
OPENJPA-2336,2013-02-19T22:29:21.000+0000,2.2.1,2.3.0,
OPENJPA-2335,2013-02-19T20:27:56.000+0000,2.2.1,2.3.0,
OPENJPA-2334,2013-02-13T23:02:14.000+0000,2.2.1,2.3.0,2.2.2;2.3.0
OPENJPA-2330,2013-02-07T11:03:23.000+0000,2.2.1,2.3.0,2.2.0;2.2.1
OPENJPA-2328,2013-01-31T08:44:50.000+0000,2.2.1,2.3.0,2.1.1;2.2.0;2.2.1
OPENJPA-2326,2013-01-22T23:31:16.000+0000,2.2.1,2.3.0,2.3.0
OPENJPA-2325,2013-01-22T13:59:10.000+0000,2.2.1,2.3.0,2.3.0
OPENJPA-2321,2013-01-10T21:14:08.000+0000,2.2.1,2.3.0,2.2.2
OPENJPA-2320,2013-01-08T02:38:28.000+0000,2.2.1,2.3.0,2.2.2
OPENJPA-2318,2013-01-05T00:50:14.000+0000,2.2.1,2.3.0,2.1.1
OPENJPA-2308,2012-12-11T20:45:52.000+0000,2.2.1,,2.1.0;2.1.1;2.2.0
OPENJPA-2307,2012-12-11T20:35:13.000+0000,2.2.1,,
OPENJPA-2306,2012-12-11T20:29:38.000+0000,2.2.1,,
OPENJPA-2304,2012-12-11T18:14:00.000+0000,2.2.1,2.3.0,2.2.2
OPENJPA-2300,2012-11-26T09:04:08.000+0000,2.2.1,3.0.0,2.2.1
OPENJPA-2298,2012-11-16T17:18:32.000+0000,2.2.1,2.3.0,2.2.0;2.3.0
OPENJPA-2289,2012-10-31T18:40:55.000+0000,2.2.0,2.3.0,2.0.1;2.1.1;2.2.0;2.3.0
OPENJPA-2288,2012-10-29T14:54:53.000+0000,2.2.0,2.3.0,2.1.1;2.2.0
OPENJPA-2287,2012-10-29T11:03:29.000+0000,2.2.0,2.4.0,2.2.0
OPENJPA-2286,2012-10-26T10:50:54.000+0000,2.2.0,2.4.0,2.2.0
OPENJPA-2284,2012-10-25T19:07:19.000+0000,2.2.0,2.3.0,2.0.1;2.2.1;2.3.0
OPENJPA-2282,2012-10-22T19:07:06.000+0000,2.2.0,2.3.0,2.3.0
OPENJPA-2271,2012-10-02T08:48:35.000+0000,2.2.0,2.3.0,
OPENJPA-2269,2012-09-27T18:49:01.000+0000,2.2.0,2.3.0,2.2.0;2.3.0
OPENJPA-2267,2012-09-26T02:29:02.000+0000,2.2.0,2.3.0,2.2.0;2.3.0
OPENJPA-2261,2012-09-10T16:50:51.000+0000,2.2.0,2.3.0,2.1.0;2.1.1;2.2.0
OPENJPA-2260,2012-09-10T15:50:58.000+0000,2.2.0,2.3.0,2.1.0;2.1.1;2.2.0
OPENJPA-2257,2012-09-03T10:28:41.000+0000,2.2.0,2.3.0,2.2.2
OPENJPA-2255,2012-08-31T01:15:52.000+0000,2.2.0,2.3.0,2.1.1
OPENJPA-2253,2012-08-20T10:08:44.000+0000,2.2.0,2.3.0,2.2.0;2.3.0
OPENJPA-2247,2012-08-03T15:29:58.000+0000,2.2.0,2.3.0,2.0.1;2.2.1;2.3.0
OPENJPA-2245,2012-08-02T12:41:30.000+0000,2.2.0,2.4.2,2.2.0;2.3.0
OPENJPA-2244,2012-08-01T21:43:18.000+0000,2.2.0,2.3.0,2.0.1;2.1.1;2.2.0
OPENJPA-2240,2012-07-25T10:32:53.000+0000,2.2.0,2.3.0,2.2.0;2.2.1;2.3.0
OPENJPA-2238,2012-07-23T14:41:17.000+0000,2.2.0,2.3.0,2.2.0;2.3.0
OPENJPA-2236,2012-07-19T22:03:20.000+0000,2.2.0,2.3.0,2.2.1;2.3.0
OPENJPA-2235,2012-07-19T15:55:22.000+0000,2.2.0,2.3.0,2.1.1;2.2.0;2.3.0
OPENJPA-2234,2012-07-19T10:06:09.000+0000,2.2.0,2.3.0,2.0.1
OPENJPA-2233,2012-07-17T15:39:50.000+0000,2.2.0,2.4.0,2.0.1;2.1.0;2.2.0;2.3.0
OPENJPA-2230,2012-07-13T19:21:56.000+0000,2.2.0,2.3.0,2.2.1;2.3.0
OPENJPA-2229,2012-07-12T14:19:25.000+0000,2.2.0,2.3.0,2.2.0;2.2.1;2.3.0
OPENJPA-2228,2012-07-10T18:48:54.000+0000,2.2.0,2.3.0,2.2.0;2.3.0
OPENJPA-2227,2012-07-09T19:24:05.000+0000,2.2.0,2.3.0,2.0.0;2.1.0;2.2.0
OPENJPA-2221,2012-06-28T14:47:38.000+0000,2.2.0,2.3.0,2.1.0
OPENJPA-2215,2012-06-19T09:23:29.000+0000,2.2.0,,2.2.0
OPENJPA-2212,2012-06-13T16:24:13.000+0000,2.2.0,,1.0.3
OPENJPA-2204,2012-05-31T13:47:38.000+0000,2.2.0,2.3.0,2.2.1;2.3.0
OPENJPA-2199,2012-05-17T16:23:16.000+0000,2.2.0,2.3.0,2.0.0;2.1.0;2.2.0;2.3.0
OPENJPA-2197,2012-05-16T22:10:22.000+0000,2.2.0,2.3.0,2.2.0
OPENJPA-2196,2012-05-16T04:41:22.000+0000,2.2.0,2.3.0,2.2.0
OPENJPA-2195,2012-05-15T20:52:56.000+0000,2.2.0,,2.0.0;2.0.1;2.1.0;2.1.1;2.2.0
OPENJPA-2191,2012-05-12T09:49:13.000+0000,2.2.0,2.3.0,2.0.0;2.1.0;2.2.0;2.3.0
OPENJPA-2187,2012-05-09T12:57:07.000+0000,2.2.0,2.3.0,2.2.0
OPENJPA-2182,2012-04-27T15:46:14.000+0000,2.2.0,3.2.0,2.3.0
OPENJPA-2180,2012-04-27T11:35:04.000+0000,2.2.0,2.3.0,2.2.0
OPENJPA-2178,2012-04-26T12:40:39.000+0000,2.2.0,2.3.0,2.2.0
OPENJPA-2174,2012-04-17T20:40:17.000+0000,2.2.0,2.3.0,2.1.0;2.2.0
OPENJPA-2172,2012-04-13T18:32:50.000+0000,2.2.0,2.3.0,2.2.0;2.2.1;2.3.0
OPENJPA-2170,2012-04-10T19:29:11.000+0000,2.2.0,2.3.0,2.2.0;2.3.0
OPENJPA-2163,2012-03-27T20:56:55.000+0000,2.2.0,2.3.0,2.0.1;2.2.1;2.3.0
OPENJPA-2161,2012-03-25T14:50:11.000+0000,2.2.0,2.3.0,2.2.0;2.3.0
OPENJPA-2158,2012-03-21T18:58:44.000+0000,2.2.0,2.3.0,2.1.1;2.2.0;2.3.0
OPENJPA-2156,2012-03-16T16:41:09.000+0000,2.2.0,2.3.0,2.2.0;2.3.0
OPENJPA-2154,2012-03-12T05:00:38.000+0000,2.2.0,2.3.0,2.2.0;2.3.0
OPENJPA-2153,2012-03-09T21:57:55.000+0000,2.2.0,2.3.0,2.2.0;2.3.0
OPENJPA-2149,2012-03-05T07:50:18.000+0000,2.2.0,2.3.0,2.0.1;2.1.1
OPENJPA-2146,2012-02-27T22:17:52.000+0000,2.2.0,2.3.0,2.0.0;2.0.1;2.1.0;2.1.1;2.2.0;2.2.1
OPENJPA-2145,2012-02-27T19:22:14.000+0000,2.2.0,2.3.0,2.2.0;2.2.1;2.3.0
OPENJPA-2142,2012-02-24T15:44:24.000+0000,2.2.0,2.3.0,2.2.1;2.3.0
OPENJPA-2140,2012-02-22T22:44:28.000+0000,2.2.0,2.3.0,2.3.0
OPENJPA-2136,2012-02-21T20:18:25.000+0000,2.2.0,2.3.0,2.0.0;2.1.1;2.2.0;2.3.0
OPENJPA-2133,2012-02-15T16:16:04.000+0000,2.1.1,2.3.0,2.1.1
OPENJPA-2132,2012-02-14T20:48:29.000+0000,2.1.1,2.3.0,2.0.1;2.1.1;2.2.0
OPENJPA-2131,2012-02-14T20:23:53.000+0000,2.1.1,2.3.0,2.1.1
OPENJPA-2124,2012-02-09T20:00:47.000+0000,2.1.1,2.2.0,2.0.0;2.0.1;2.1.0;2.3.0
OPENJPA-2123,2012-02-08T19:27:43.000+0000,2.1.1,2.3.0,2.2.1;2.3.0
OPENJPA-2122,2012-02-08T00:47:33.000+0000,2.1.1,2.2.0,2.2.0
OPENJPA-2119,2012-02-02T13:10:58.000+0000,2.1.1,2.2.0,2.2.0
OPENJPA-2118,2012-01-30T22:14:15.000+0000,2.1.1,2.3.0,2.0.0;2.1.0;2.2.0
OPENJPA-2117,2012-01-26T18:19:22.000+0000,2.1.1,1.2.3,1.2.3;2.1.1;2.2.0
OPENJPA-2112,2012-01-18T10:28:43.000+0000,2.1.1,,2.1.1
OPENJPA-2110,2012-01-17T20:04:35.000+0000,2.1.1,2.3.0,1.2.2;2.1.1
OPENJPA-2107,2012-01-11T17:53:59.000+0000,2.1.1,1.2.3,2.0.1;2.1.0;2.2.0
OPENJPA-2105,2012-01-05T14:55:41.000+0000,2.1.1,2.2.0,2.2.0
OPENJPA-2104,2012-01-04T21:39:33.000+0000,2.1.1,2.2.0,2.2.0
OPENJPA-2102,2011-12-28T04:57:17.000+0000,2.1.1,2.3.0,2.0.1;2.2.0
OPENJPA-2101,2011-12-27T15:05:17.000+0000,2.1.1,2.2.0,2.1.1;2.2.0
OPENJPA-2100,2011-12-27T10:31:55.000+0000,2.1.1,2.2.0,2.2.0
OPENJPA-2097,2011-12-20T16:07:59.000+0000,2.1.1,,2.1.1
OPENJPA-2095,2011-12-16T22:22:46.000+0000,2.1.1,2.3.0,1.2.3;2.2.0
OPENJPA-2094,2011-12-13T21:24:47.000+0000,2.1.1,2.4.0,2.2.0;2.2.1;2.2.2;2.3.0
OPENJPA-2088,2011-12-07T12:00:58.000+0000,2.1.1,,
OPENJPA-2083,2011-11-29T19:26:18.000+0000,2.1.1,2.2.0,2.1.1
OPENJPA-2077,2011-11-21T19:37:57.000+0000,2.1.1,2.2.0,2.2.0
OPENJPA-2076,2011-11-17T14:45:56.000+0000,2.1.1,2.2.0,2.2.0
OPENJPA-2073,2011-11-11T07:34:56.000+0000,2.1.1,2.2.0,2.2.0
OPENJPA-2072,2011-11-09T08:12:15.000+0000,2.1.1,2.3.0,1.2.1;1.2.2;1.2.3
OPENJPA-2071,2011-11-08T23:06:13.000+0000,2.1.1,2.2.0,2.2.0
OPENJPA-2070,2011-11-07T15:36:17.000+0000,2.1.1,2.2.0,2.2.0
OPENJPA-2069,2011-11-04T21:33:04.000+0000,2.1.1,2.2.0,2.2.0
OPENJPA-2067,2011-10-28T20:45:42.000+0000,2.1.1,2.3.0,1.2.3;2.2.0
OPENJPA-2066,2011-10-26T00:39:57.000+0000,2.1.1,2.2.0,1.1.0;2.1.1;2.2.0
OPENJPA-2065,2011-10-25T18:01:35.000+0000,2.1.1,2.2.0,2.1.0;2.1.1;2.2.0
OPENJPA-2060,2011-10-13T21:54:00.000+0000,2.1.1,2.2.0,2.2.0
OPENJPA-2059,2011-10-13T21:30:20.000+0000,2.1.1,2.2.0,2.2.0
OPENJPA-2056,2011-10-04T10:41:39.000+0000,2.1.1,2.2.0,2.0.0;2.0.1;2.1.1
OPENJPA-2055,2011-09-30T18:26:06.000+0000,2.1.1,2.2.0,2.1.0
OPENJPA-2053,2011-09-29T14:58:38.000+0000,2.1.1,2.2.0,2.0.0
OPENJPA-2051,2011-09-15T21:12:58.000+0000,2.1.1,1.2.3,2.0.0;2.1.1;2.2.0
OPENJPA-2045,2011-09-01T14:03:16.000+0000,2.1.1,2.2.0,2.1.0;2.2.0
OPENJPA-2044,2011-08-25T11:30:52.000+0000,2.1.1,2.2.0,2.0.1;2.1.1;2.2.0
OPENJPA-2039,2011-08-10T22:03:53.000+0000,2.1.1,2.2.0,2.1.1;2.2.0
OPENJPA-2038,2011-08-10T17:10:27.000+0000,2.1.1,,2.1.1
OPENJPA-2036,2011-07-27T21:22:06.000+0000,2.1.1,2.2.0,2.1.0
OPENJPA-2034,2011-07-22T06:33:55.000+0000,2.1.0,2.2.0,2.1.0
OPENJPA-2027,2011-07-06T18:03:24.000+0000,2.1.0,2.2.0,2.1.0
OPENJPA-2025,2011-06-30T16:09:40.000+0000,2.1.0,2.2.0,2.1.0
OPENJPA-2022,2011-06-25T18:55:20.000+0000,2.1.0,2.4.0,2.1.0;2.1.1;2.2.0
OPENJPA-2018,2011-06-15T17:08:54.000+0000,2.1.0,2.3.0,2.1.0
OPENJPA-2015,2011-06-09T20:04:21.000+0000,2.1.0,1.2.3,1.2.2;1.2.3
OPENJPA-2013,2011-06-09T06:52:36.000+0000,2.1.0,2.2.0,2.1.0
OPENJPA-2011,2011-06-08T22:06:43.000+0000,2.1.0,2.2.0,2.0.1;2.1.0
OPENJPA-2010,2011-06-08T20:10:10.000+0000,2.1.0,2.2.0,2.0.1;2.1.0
OPENJPA-2009,2011-06-08T15:31:08.000+0000,2.1.0,,
OPENJPA-2008,2011-06-06T19:13:50.000+0000,2.1.0,2.2.0,2.1.0
OPENJPA-2007,2011-05-25T19:51:51.000+0000,2.1.0,2.2.0,2.0.0;2.0.1;2.1.0;2.2.0
OPENJPA-2006,2011-05-25T14:59:59.000+0000,2.1.0,1.2.3,1.2.2;2.1.0;2.2.0
OPENJPA-2005,2011-05-24T18:24:18.000+0000,2.1.0,2.2.0,2.1.0
OPENJPA-2000,2011-05-14T11:40:49.000+0000,2.1.0,2.2.0,2.1.0
OPENJPA-1996,2011-05-10T19:37:34.000+0000,2.1.0,1.2.3,2.1.0
OPENJPA-1995,2011-05-10T02:40:36.000+0000,2.1.0,,
OPENJPA-1994,2011-05-05T18:00:55.000+0000,2.1.0,2.2.0,
OPENJPA-1993,2011-05-04T20:12:30.000+0000,2.1.0,3.1.0,1.0.0;1.0.1;1.0.2;1.0.3;1.0.4;1.2.0;1.2.1;1.2.2;2.0.0;2.0.1;2.1.0
OPENJPA-1992,2011-05-04T09:40:59.000+0000,2.1.0,2.2.0,2.1.0
OPENJPA-1989,2011-04-28T15:55:27.000+0000,2.1.0,2.2.0,2.1.0;2.2.0
OPENJPA-1988,2011-04-28T15:46:18.000+0000,2.1.0,2.4.0,2.2.0;2.3.0
OPENJPA-1987,2011-04-28T13:44:10.000+0000,2.1.0,2.2.0,2.2.0
OPENJPA-1986,2011-04-27T16:44:53.000+0000,2.1.0,2.2.0,2.0.1;2.1.0;2.2.0
OPENJPA-1985,2011-04-26T12:42:28.000+0000,2.1.0,2.2.0,2.1.0
OPENJPA-1984,2011-04-24T21:11:58.000+0000,2.1.0,2.2.0,2.1.0;2.1.1;2.2.0
OPENJPA-1983,2011-04-19T19:51:26.000+0000,2.1.0,2.2.0,2.1.0;2.2.0
OPENJPA-1981,2011-04-14T14:31:04.000+0000,2.1.0,2.2.0,2.1.0
OPENJPA-1980,2011-04-14T09:47:55.000+0000,2.1.0,2.2.0,2.1.0
OPENJPA-1979,2011-04-12T20:33:39.000+0000,2.1.0,2.3.0,2.0.0-M1;2.0.0
OPENJPA-1975,2011-04-07T20:57:51.000+0000,2.1.0,2.2.0,2.0.1;2.1.0
OPENJPA-1974,2011-04-04T10:20:01.000+0000,2.1.0,2.2.0,2.1.0;2.2.0
OPENJPA-1970,2011-03-31T15:59:55.000+0000,2.1.0,1.2.0,1.1.0
OPENJPA-1969,2011-03-30T17:39:19.000+0000,2.1.0,2.2.0,2.1.0;2.1.1;2.2.0
OPENJPA-1968,2011-03-29T16:23:57.000+0000,2.1.0,2.2.0,2.1.0;2.1.1;2.2.0
OPENJPA-1965,2011-03-25T14:46:25.000+0000,2.1.0,2.2.0,2.0.0;2.1.0;2.2.0
OPENJPA-1960,2011-03-15T23:19:03.000+0000,2.1.0,2.2.0,2.1.0;2.2.0
OPENJPA-1959,2011-03-12T19:04:01.000+0000,2.1.0,2.2.0,1.2.2;2.0.1;2.1.0;2.2.0
OPENJPA-1958,2011-03-12T16:11:16.000+0000,2.1.0,2.2.0,1.2.2;2.0.1;2.1.0;2.2.0
OPENJPA-1957,2011-03-09T00:11:37.000+0000,2.1.0,1.2.3,1.2.2;2.0.1;2.1.0
OPENJPA-1954,2011-03-02T16:22:48.000+0000,2.1.0,2.2.0,1.2.2;2.0.0;2.1.0;2.2.0
OPENJPA-1951,2011-02-24T12:38:36.000+0000,2.1.0,2.2.0,2.0.1
OPENJPA-1944,2011-02-18T14:37:08.000+0000,1.0.4,2.2.0,1.2.2;2.1.0
OPENJPA-1943,2011-02-17T21:01:00.000+0000,1.0.4,2.2.0,2.0.1;2.1.0;2.2.0
OPENJPA-1940,2011-02-16T19:42:31.000+0000,1.0.4,2.2.0,2.1.0
OPENJPA-1939,2011-02-14T22:30:03.000+0000,1.0.4,2.2.0,1.2.2;2.0.1;2.1.0
OPENJPA-1938,2011-02-10T03:06:42.000+0000,1.0.4,2.2.0,2.1.0;2.2.0
OPENJPA-1935,2011-02-02T04:13:07.000+0000,1.0.4,2.2.0,2.1.0;2.2.0
OPENJPA-1932,2011-01-30T10:38:57.000+0000,1.0.4,2.2.0,2.1.0
OPENJPA-1928,2011-01-20T23:43:52.000+0000,1.0.4,2.2.0,1.2.1;2.0.1
OPENJPA-1923,2011-01-14T21:52:32.000+0000,1.0.4,2.2.0,2.1.0
OPENJPA-1918,2011-01-06T14:11:24.000+0000,1.0.4,2.2.0,2.0.1;2.1.0;2.2.0
OPENJPA-1915,2011-01-04T15:07:36.000+0000,1.0.4,2.2.0,2.2.0
OPENJPA-1912,2011-01-03T19:48:09.000+0000,1.0.4,2.2.0,2.0.0;2.0.1;2.1.0
OPENJPA-1911,2011-01-03T18:51:17.000+0000,1.0.4,1.2.3,1.0.4;1.2.2;2.0.1;2.1.0;2.2.0
OPENJPA-1910,2011-01-02T16:51:28.000+0000,1.0.4,2.2.0,2.0.1;2.1.0;2.2.0
OPENJPA-1909,2010-12-31T12:50:58.000+0000,1.0.4,2.2.0,2.0.0;2.0.1;2.1.0
OPENJPA-1906,2010-12-13T22:28:40.000+0000,1.0.4,2.2.0,2.2.0
OPENJPA-1905,2010-12-10T21:37:42.000+0000,1.0.4,1.2.3,1.2.0;1.2.1;1.2.2;2.0.0;2.0.1
OPENJPA-1904,2010-12-08T22:20:38.000+0000,1.0.4,2.2.0,2.1.0;2.2.0
OPENJPA-1903,2010-12-06T19:05:34.000+0000,1.0.4,2.2.0,2.0.1
OPENJPA-1902,2010-11-30T19:03:25.000+0000,1.0.4,2.2.0,2.1.0
OPENJPA-1901,2010-11-30T16:29:30.000+0000,1.0.4,2.3.0,2.0.0;2.0.1
OPENJPA-1900,2010-11-30T09:20:13.000+0000,1.0.4,2.2.0,2.0.1;2.1.0;2.2.0
OPENJPA-1899,2010-11-29T17:12:53.000+0000,1.0.4,2.1.1,2.0.0
OPENJPA-1898,2010-11-29T16:37:32.000+0000,1.0.4,2.2.0,2.0.1
OPENJPA-1897,2010-11-23T17:29:49.000+0000,1.0.4,2.1.0,2.0.1
OPENJPA-1896,2010-11-23T16:32:43.000+0000,1.0.4,2.2.0,2.0.1;2.1.0;2.2.0
OPENJPA-1894,2010-11-22T18:19:41.000+0000,1.0.4,2.1.0,2.1.0
OPENJPA-1893,2010-11-22T16:33:50.000+0000,1.0.4,2.1.0,2.0.1
OPENJPA-1892,2010-11-19T09:09:47.000+0000,1.0.4,2.1.0,2.0.0;2.1.0
OPENJPA-1890,2010-11-17T20:57:25.000+0000,1.0.4,2.1.0,2.0.1
OPENJPA-1886,2010-11-15T16:24:06.000+0000,1.0.4,2.1.0,2.1.0
OPENJPA-1884,2010-11-12T18:48:36.000+0000,1.0.4,2.1.1,2.1.0
OPENJPA-1882,2010-11-10T17:23:25.000+0000,1.0.4,2.1.0,2.1.0
OPENJPA-1881,2010-11-10T14:12:38.000+0000,1.0.4,2.1.0,2.1.0
OPENJPA-1877,2010-11-08T17:19:08.000+0000,1.0.4,2.1.0,2.0.1
OPENJPA-1876,2010-11-07T17:56:40.000+0000,1.0.4,2.2.0,2.1.0
OPENJPA-1874,2010-11-05T14:30:22.000+0000,1.0.4,1.2.3,1.2.2;2.0.0;2.0.1
OPENJPA-1873,2010-11-04T19:57:14.000+0000,1.0.4,2.2.0,2.0.0;2.0.1
OPENJPA-1870,2010-11-03T16:01:39.000+0000,1.0.4,2.1.0,
OPENJPA-1867,2010-11-02T13:45:27.000+0000,1.0.4,2.1.0,2.1.0
OPENJPA-1866,2010-11-01T20:04:37.000+0000,1.0.4,2.1.0,2.0.1;2.1.0
OPENJPA-1857,2010-10-27T16:17:33.000+0000,1.0.4,2.1.0,2.1.0
OPENJPA-1856,2010-10-26T19:32:38.000+0000,1.0.4,2.2.0,2.0.0;2.1.0;2.2.0
OPENJPA-1853,2010-10-24T10:27:20.000+0000,1.0.4,2.1.0,2.0.0;2.0.1
OPENJPA-1845,2010-10-20T10:27:48.000+0000,1.0.4,2.2.0,2.0.1
OPENJPA-1840,2010-10-18T15:03:53.000+0000,1.0.4,2.1.0,2.1.0
OPENJPA-1838,2010-10-16T18:52:09.000+0000,1.0.4,2.1.0,2.1.0
OPENJPA-1837,2010-10-15T22:17:50.000+0000,1.0.4,2.0.1,2.0.1
OPENJPA-1835,2010-10-15T14:59:37.000+0000,1.0.4,2.1.0,2.1.0
OPENJPA-1832,2010-10-14T15:12:18.000+0000,1.0.4,2.1.0,2.1.0
OPENJPA-1831,2010-10-12T19:13:14.000+0000,1.0.4,2.1.0,2.0.0
OPENJPA-1830,2010-10-11T18:05:46.000+0000,1.0.4,2.1.0,2.0.0
OPENJPA-1828,2010-10-07T18:26:32.000+0000,1.0.4,2.1.0,2.1.0
OPENJPA-1819,2010-09-30T09:57:24.000+0000,1.0.4,2.3.0,2.0.1
OPENJPA-1818,2010-09-29T10:39:37.000+0000,1.0.4,2.1.0,2.0.0
OPENJPA-1814,2010-09-24T18:15:08.000+0000,1.0.4,1.2.3,1.2.2;2.1.0
OPENJPA-1811,2010-09-22T19:54:20.000+0000,1.0.4,2.1.0,2.0.0
OPENJPA-1810,2010-09-21T16:41:47.000+0000,1.0.4,2.1.0,2.0.1;2.1.0
OPENJPA-1809,2010-09-21T16:17:04.000+0000,1.0.4,2.1.0,2.0.0;2.0.1;2.1.0
OPENJPA-1808,2010-09-21T09:56:13.000+0000,1.0.4,,2.0.1
OPENJPA-1804,2010-09-18T19:54:09.000+0000,1.0.4,2.1.0,2.0.1
OPENJPA-1801,2010-09-16T21:11:56.000+0000,1.0.4,2.1.0,2.0.1;2.1.0
OPENJPA-1800,2010-09-16T19:36:03.000+0000,1.0.4,2.1.0,2.0.0
OPENJPA-1794,2010-09-15T09:07:35.000+0000,1.0.4,2.3.0,2.0.0
OPENJPA-1793,2010-09-14T06:16:17.000+0000,1.0.4,2.1.0,2.1.0
OPENJPA-1790,2010-09-13T08:30:21.000+0000,1.0.4,2.1.0,2.0.1
OPENJPA-1788,2010-09-10T17:23:17.000+0000,1.0.4,2.1.0,2.0.0;2.0.1
OPENJPA-1787,2010-09-10T16:23:51.000+0000,1.0.4,2.2.0,2.0.1;2.1.0;2.2.0
OPENJPA-1784,2010-09-08T13:31:29.000+0000,1.0.4,2.1.0,2.0.1
OPENJPA-1770,2010-08-19T14:31:33.000+0000,2.0.0,2.1.0,2.0.0;2.1.0
OPENJPA-1769,2010-08-18T21:22:42.000+0000,2.0.0,2.1.0,2.0.0;2.1.0
OPENJPA-1768,2010-08-13T19:48:39.000+0000,2.0.0,2.2.0,2.0.0;2.1.0
OPENJPA-1765,2010-08-12T18:23:20.000+0000,2.0.0,2.1.0,2.0.0;2.1.0
OPENJPA-1762,2010-08-09T19:42:31.000+0000,2.0.0,,2.0.1;2.1.0
OPENJPA-1757,2010-08-02T18:15:45.000+0000,2.0.0,2.1.0,2.0.0;2.1.0
OPENJPA-1756,2010-08-01T21:59:53.000+0000,2.0.0,,
OPENJPA-1753,2010-07-30T16:27:56.000+0000,2.0.0,2.1.0,2.1.0
OPENJPA-1752,2010-07-30T04:33:45.000+0000,2.0.0,2.1.0,2.0.1;2.1.0
OPENJPA-1751,2010-07-29T15:25:12.000+0000,2.0.0,2.1.0,2.1.0
OPENJPA-1749,2010-07-28T14:18:38.000+0000,2.0.0,2.1.0,2.0.0
OPENJPA-1746,2010-07-23T20:06:07.000+0000,2.0.0,2.2.0,1.2.2
OPENJPA-1743,2010-07-22T01:11:03.000+0000,2.0.0,2.1.0,1.2.2;2.0.0;2.1.0
OPENJPA-1742,2010-07-21T22:57:15.000+0000,2.0.0,2.1.0,2.0.0
OPENJPA-1740,2010-07-21T21:21:40.000+0000,2.0.0,2.1.0,2.1.0
OPENJPA-1738,2010-07-21T18:52:14.000+0000,2.0.0,2.1.0,2.0.0;2.0.1;2.1.0
OPENJPA-1737,2010-07-21T12:17:23.000+0000,2.0.0,2.1.0,2.0.0
OPENJPA-1736,2010-07-21T10:55:59.000+0000,2.0.0,2.1.0,2.0.0
OPENJPA-1727,2010-07-16T17:48:34.000+0000,2.0.0,2.1.0,2.0.0;2.1.0
OPENJPA-1726,2010-07-14T22:46:28.000+0000,2.0.0,2.1.0,2.1.0
OPENJPA-1725,2010-07-14T09:24:35.000+0000,2.0.0,2.2.0,1.2.2;2.0.0;2.1.0
OPENJPA-1722,2010-07-12T18:02:30.000+0000,2.0.0,2.1.0,2.0.0
OPENJPA-1719,2010-07-07T15:03:37.000+0000,2.0.0,2.1.0,2.0.0
OPENJPA-1718,2010-07-07T15:01:17.000+0000,2.0.0,,2.0.0
OPENJPA-1714,2010-06-30T20:55:25.000+0000,2.0.0,2.0.1,2.0.0
OPENJPA-1713,2010-06-30T15:29:06.000+0000,2.0.0,2.1.0,1.1.0;1.2.2;2.0.0
OPENJPA-1710,2010-06-28T18:36:52.000+0000,2.0.0,2.1.0,2.0.0
OPENJPA-1704,2010-06-21T15:26:03.000+0000,2.0.0,1.2.3,1.2.2;2.0.0;2.1.0
OPENJPA-1702,2010-06-18T01:18:20.000+0000,2.0.0,2.1.0,1.2.0;2.0.0
OPENJPA-1701,2010-06-15T20:44:56.000+0000,2.0.0,2.1.0,2.1.0
OPENJPA-1697,2010-06-12T15:18:05.000+0000,2.0.0,2.1.0,2.1.0
OPENJPA-1696,2010-06-12T02:27:48.000+0000,2.0.0,2.1.0,2.0.0
OPENJPA-1695,2010-06-11T21:43:25.000+0000,2.0.0,2.1.0,1.1.0;2.0.0;2.1.0
OPENJPA-1692,2010-06-10T21:59:46.000+0000,2.0.0,2.1.0,2.0.0;2.1.0
OPENJPA-1691,2010-06-10T17:31:33.000+0000,2.0.0,1.2.3,1.2.2;2.0.0;2.0.1
OPENJPA-1690,2010-06-09T14:30:40.000+0000,2.0.0,2.1.0,2.0.0
OPENJPA-1689,2010-06-09T13:37:29.000+0000,2.0.0,2.1.0,2.0.0
OPENJPA-1686,2010-06-08T01:49:27.000+0000,2.0.0,2.2.0,
OPENJPA-1685,2010-06-07T15:22:17.000+0000,2.0.0,2.1.0,2.0.0
OPENJPA-1683,2010-06-05T17:03:15.000+0000,2.0.0,2.1.0,
OPENJPA-1682,2010-06-04T16:08:28.000+0000,2.0.0,1.2.3,2.1.0
OPENJPA-1679,2010-06-02T19:22:44.000+0000,2.0.0,2.0.1,2.0.0
OPENJPA-1678,2010-06-02T16:35:27.000+0000,2.0.0,1.2.3,1.0.3;1.1.0;1.2.2;2.0.0;2.1.0
OPENJPA-1676,2010-05-31T15:44:29.000+0000,2.0.0,2.1.0,2.0.0;2.1.0
OPENJPA-1670,2010-05-19T15:48:53.000+0000,2.0.0,2.1.0,1.2.2;2.0.0
OPENJPA-1668,2010-05-17T18:08:44.000+0000,2.0.0,1.2.3,1.0.3;1.2.2;2.0.0
OPENJPA-1667,2010-05-16T11:56:06.000+0000,2.0.0,2.1.0,2.0.0
OPENJPA-1665,2010-05-12T16:08:24.000+0000,2.0.0,1.2.3,2.0.0
OPENJPA-1662,2010-05-11T19:47:06.000+0000,2.0.0,2.1.0,
OPENJPA-1657,2010-05-10T15:45:45.000+0000,2.0.0,2.2.0,2.1.1
OPENJPA-1651,2010-05-05T15:46:35.000+0000,2.0.0,2.2.0,
OPENJPA-1650,2010-05-04T21:32:32.000+0000,2.0.0,2.2.0,
OPENJPA-1648,2010-05-04T21:19:00.000+0000,2.0.0,2.1.0,
OPENJPA-1646,2010-05-03T15:46:27.000+0000,2.0.0,2.1.0,1.2.2;2.0.0
OPENJPA-1644,2010-04-30T10:48:18.000+0000,2.0.0,1.2.3,1.2.2;2.0.0
OPENJPA-1641,2010-04-27T16:20:37.000+0000,2.0.0,1.2.3,2.0.1;2.1.0
OPENJPA-1634,2010-04-19T15:24:16.000+0000,2.0.0-beta3,2.1.0,2.0.0;2.1.0
OPENJPA-1631,2010-04-13T19:48:10.000+0000,2.0.0-beta3,2.0.0,1.2.2;2.0.0-beta3
OPENJPA-1630,2010-04-13T19:33:41.000+0000,2.0.0-beta3,2.0.0,1.2.2;2.0.0-beta3;2.0.0;2.0.1;2.1.0
OPENJPA-1627,2010-04-12T10:21:13.000+0000,2.0.0-beta3,2.1.0,2.0.0-beta3
OPENJPA-1626,2010-04-12T03:09:16.000+0000,2.0.0-beta3,2.1.0,1.1.0
OPENJPA-1625,2010-04-10T15:08:23.000+0000,2.0.0-beta3,2.0.0,2.0.0
OPENJPA-1618,2010-04-08T16:41:26.000+0000,2.0.0-beta3,2.0.0,2.0.0-beta3
OPENJPA-1613,2010-04-06T23:28:33.000+0000,2.0.0-beta3,2.1.0,2.0.0-beta2;2.0.0-beta3
OPENJPA-1611,2010-04-03T16:40:20.000+0000,2.0.0-beta3,2.0.0,2.0.0
OPENJPA-1609,2010-04-01T22:21:46.000+0000,2.0.0-beta3,2.1.0,2.0.0
OPENJPA-1608,2010-04-01T17:26:18.000+0000,2.0.0-beta3,2.0.0,2.0.0
OPENJPA-1605,2010-03-31T15:51:46.000+0000,2.0.0-beta3,2.0.0,2.0.0-beta3
OPENJPA-1604,2010-03-30T20:44:32.000+0000,2.0.0-beta3,2.0.0,2.0.0
OPENJPA-1602,2010-03-29T18:04:45.000+0000,2.0.0-beta2,2.0.0,2.0.0
OPENJPA-1599,2010-03-25T03:13:04.000+0000,2.0.0-beta2,2.0.0,2.0.0-beta2;2.0.0-beta3;2.0.0
OPENJPA-1597,2010-03-24T15:04:41.000+0000,2.0.0-beta2,2.0.0,2.0.0-beta3
OPENJPA-1596,2010-03-23T18:39:47.000+0000,2.0.0-beta2,2.0.0-beta3,2.0.0-beta2
OPENJPA-1590,2010-03-22T12:38:48.000+0000,2.0.0-beta2,2.4.0,2.0.0-M3;2.1.1;2.2.0
OPENJPA-1588,2010-03-20T22:46:28.000+0000,2.0.0-beta2,2.0.0-beta3,2.0.0
OPENJPA-1584,2010-03-18T17:57:12.000+0000,2.0.0-beta2,2.1.0,2.0.0
OPENJPA-1583,2010-03-18T16:55:14.000+0000,2.0.0-beta2,1.2.3,2.0.0-beta3
OPENJPA-1581,2010-03-18T14:29:48.000+0000,2.0.0-beta2,2.0.0-beta3,
OPENJPA-1580,2010-03-17T16:35:18.000+0000,2.0.0-beta2,2.0.0-beta3,2.0.0-beta2
OPENJPA-1578,2010-03-16T14:29:00.000+0000,2.0.0-beta2,2.0.0-beta3,2.0.0-beta2
OPENJPA-1577,2010-03-16T09:54:07.000+0000,2.0.0-beta2,2.0.0-beta3,2.0.0-beta2
OPENJPA-1576,2010-03-16T09:51:39.000+0000,2.0.0-beta2,2.0.0-beta3,2.0.0
OPENJPA-1575,2010-03-15T20:07:26.000+0000,2.0.0-beta2,2.0.0-beta3,2.0.0-beta2
OPENJPA-1573,2010-03-15T14:27:27.000+0000,2.0.0-beta2,2.0.0-beta3,2.0.0-beta2
OPENJPA-1571,2010-03-15T08:17:22.000+0000,2.0.0-beta2,2.0.0-beta3,2.0.0-beta2
OPENJPA-1570,2010-03-13T14:12:21.000+0000,2.0.0-beta2,2.0.0-beta3,2.0.0-beta2
OPENJPA-1569,2010-03-13T04:30:43.000+0000,2.0.0-beta2,1.2.3,1.2.2;2.0.0-beta2
OPENJPA-1568,2010-03-12T18:44:43.000+0000,2.0.0-beta2,2.0.0-beta3,2.0.0
OPENJPA-1565,2010-03-11T22:51:41.000+0000,2.0.0-beta2,2.0.0-beta3,2.0.0-M1;2.0.0-M2;2.0.0-M3;2.0.0-beta;2.0.0-beta2
OPENJPA-1562,2010-03-11T17:52:56.000+0000,2.0.0-beta2,2.0.0-beta3,2.0.0-beta2
OPENJPA-1559,2010-03-09T23:15:32.000+0000,2.0.0-beta2,2.0.0,2.0.0
OPENJPA-1558,2010-03-09T20:32:49.000+0000,2.0.0-beta2,2.0.0-beta3,1.2.3;2.0.0
OPENJPA-1556,2010-03-09T18:20:13.000+0000,2.0.0-beta2,2.0.0-beta3,2.0.0-beta2
OPENJPA-1550,2010-03-05T03:32:48.000+0000,2.0.0-beta2,1.2.3,1.2.2;2.0.0-beta2
OPENJPA-1547,2010-03-02T17:28:06.000+0000,2.0.0-beta2,2.0.0-beta3,1.2.2;2.0.0-beta2;2.0.0
OPENJPA-1546,2010-03-02T13:35:35.000+0000,2.0.0-beta2,2.0.0-beta3,2.0.0-beta2
OPENJPA-1544,2010-03-01T16:15:57.000+0000,2.0.0-beta2,2.0.0-beta3,2.0.0-beta2
OPENJPA-1543,2010-02-25T22:11:04.000+0000,2.0.0-beta,2.0.0-beta3,2.0.0-beta2
OPENJPA-1542,2010-02-25T21:25:07.000+0000,2.0.0-beta,2.0.0-beta3,2.0.0-beta
OPENJPA-1538,2010-02-25T17:08:06.000+0000,2.0.0-beta,2.0.0-beta3,2.0.0-beta2
OPENJPA-1536,2010-02-24T22:55:52.000+0000,2.0.0-beta,2.0.0-beta3,2.0.0-beta;2.0.0-beta2
OPENJPA-1535,2010-02-24T21:34:26.000+0000,2.0.0-beta,2.0.0-beta3,1.0.3;1.1.0;1.2.2;2.0.0-beta
OPENJPA-1533,2010-02-24T06:49:59.000+0000,2.0.0-beta,2.0.0-beta2,2.0.0-beta
OPENJPA-1527,2010-02-23T09:13:51.000+0000,2.0.0-beta,2.0.0-beta,2.1.0
OPENJPA-1524,2010-02-19T16:50:12.000+0000,2.0.0-beta,2.0.0-beta3,2.0.0-beta
OPENJPA-1518,2010-02-17T22:37:46.000+0000,2.0.0-beta,2.0.0-beta2,2.0.0-beta
OPENJPA-1515,2010-02-16T18:00:17.000+0000,2.0.0-beta,2.0.0-beta,2.0.0-beta
OPENJPA-1510,2010-02-13T13:43:55.000+0000,2.0.0-beta,2.0.0,2.0.0-beta
OPENJPA-1509,2010-02-13T00:07:54.000+0000,2.0.0-beta,2.0.0-beta2,2.0.0-M3;2.0.0-beta
OPENJPA-1507,2010-02-12T03:20:55.000+0000,2.0.0-beta,2.0.0-beta2,2.0.0-beta
OPENJPA-1506,2010-02-11T16:17:30.000+0000,2.0.0-beta,2.0.0-beta3,2.0.0-beta2
OPENJPA-1504,2010-02-10T17:37:06.000+0000,2.0.0-beta,2.0.0-beta2,2.0.0-beta
OPENJPA-1503,2010-02-09T18:43:32.000+0000,2.0.0-beta,2.0.0-beta3,
OPENJPA-1501,2010-02-08T22:40:45.000+0000,2.0.0-beta,2.1.0,1.2.2;2.0.0
OPENJPA-1500,2010-02-08T22:10:26.000+0000,2.0.0-beta,1.2.3,1.0.3;1.2.2
OPENJPA-1496,2010-02-05T06:00:56.000+0000,2.0.0-beta,2.0.0-beta2,2.0.0-beta
OPENJPA-1495,2010-02-04T15:50:46.000+0000,2.0.0-beta,,
OPENJPA-1494,2010-02-03T06:17:15.000+0000,2.0.0-beta,2.0.0-beta2,2.0.0-beta
OPENJPA-1491,2010-02-01T17:15:35.000+0000,2.0.0-beta,2.0.0-beta3,2.0.0-beta
OPENJPA-1486,2010-01-28T16:55:12.000+0000,1.2.2,2.0.0-beta3,2.0.0-beta;2.0.0-beta2
OPENJPA-1485,2010-01-27T16:14:45.000+0000,1.2.2,2.0.0-beta2,2.0.0-beta
OPENJPA-1483,2010-01-26T18:36:06.000+0000,1.2.2,1.2.3,2.0.0-beta
OPENJPA-1482,2010-01-26T18:04:15.000+0000,1.2.2,1.2.3,1.2.2;2.0.0-M3;2.0.0-beta
OPENJPA-1478,2010-01-22T12:35:29.000+0000,1.2.2,2.0.0-beta,2.0.0-M3
OPENJPA-1477,2010-01-21T19:36:52.000+0000,1.2.2,2.0.0-beta3,
OPENJPA-1467,2010-01-18T19:26:40.000+0000,2.0.0-M3,2.0.0-beta,2.0.0-M1;2.0.0-M2;2.0.0-M3
OPENJPA-1464,2010-01-15T19:10:48.000+0000,2.0.0-M3,2.0.0-beta,
OPENJPA-1463,2010-01-15T17:38:20.000+0000,2.0.0-M3,2.0.0-beta,
OPENJPA-1461,2010-01-15T02:50:30.000+0000,2.0.0-M3,2.0.0-beta,2.0.0-M3
OPENJPA-1460,2010-01-14T23:29:42.000+0000,2.0.0-M3,2.0.0-beta2,2.0.0-M3;2.0.0-beta
OPENJPA-1458,2010-01-13T19:21:11.000+0000,2.0.0-M3,2.0.0-beta3,2.0.0-M3
OPENJPA-1457,2010-01-13T19:00:31.000+0000,2.0.0-M3,1.0.4,1.0.4;1.2.2
OPENJPA-1455,2010-01-07T16:57:53.000+0000,2.0.0-M3,2.0.0-beta3,2.0.0
OPENJPA-1454,2010-01-06T17:32:40.000+0000,2.0.0-M3,2.1.0,2.0.0-M3
OPENJPA-1452,2010-01-02T18:53:10.000+0000,2.0.0-M3,2.0.0-beta,2.0.0-M3
OPENJPA-1445,2009-12-23T11:21:05.000+0000,2.0.0-M3,2.0.0-beta,2.0.0-beta
OPENJPA-1444,2009-12-23T07:56:42.000+0000,2.0.0-M3,2.0.0-beta,2.0.0-beta
OPENJPA-1442,2009-12-23T03:12:35.000+0000,2.0.0-M3,2.0.0-beta,2.0.0-M3
OPENJPA-1441,2009-12-21T20:38:31.000+0000,2.0.0-M3,2.0.0-beta,1.2.2;2.0.0-beta
OPENJPA-1439,2009-12-20T17:10:38.000+0000,2.0.0-M3,2.0.0-beta,2.0.0
OPENJPA-1438,2009-12-19T00:28:23.000+0000,2.0.0-M3,2.0.0-beta3,2.0.0
OPENJPA-1435,2009-12-16T16:55:31.000+0000,2.0.0-M3,2.0.0-beta,2.0.0-M3
OPENJPA-1432,2009-12-16T04:26:54.000+0000,2.0.0-M3,2.0.0-beta,2.0.0-M3
OPENJPA-1431,2009-12-15T18:44:55.000+0000,2.0.0-M3,2.0.0-beta,2.0.0-M3
OPENJPA-1425,2009-12-11T00:36:47.000+0000,2.0.0-M3,2.0.0-beta,
OPENJPA-1424,2009-12-10T18:33:30.000+0000,2.0.0-M3,1.2.3,1.2.1
OPENJPA-1421,2009-12-08T18:45:41.000+0000,2.0.0-M3,1.2.2,1.2.2
OPENJPA-1419,2009-12-08T15:35:41.000+0000,2.0.0-M3,2.0.0-beta,2.0.0-beta
OPENJPA-1413,2009-12-03T23:14:33.000+0000,2.0.0-M3,2.0.0-beta,2.0.0-M3
OPENJPA-1410,2009-12-02T18:13:44.000+0000,2.0.0-M3,2.0.0-beta3,2.0.0-M3;2.0.0-beta;2.0.0-beta2
OPENJPA-1409,2009-12-01T21:35:55.000+0000,2.0.0-M3,2.0.0-beta,
OPENJPA-1407,2009-12-01T17:34:14.000+0000,2.0.0-M3,1.2.0,1.1.0
OPENJPA-1406,2009-12-01T15:46:28.000+0000,2.0.0-M3,2.0.0-beta3,2.0.0
OPENJPA-1401,2009-11-25T22:55:41.000+0000,2.0.0-M3,2.0.0-beta,2.0.0-M3
OPENJPA-1400,2009-11-23T22:19:10.000+0000,2.0.0-M3,2.0.0-beta,1.2.1;2.0.0-M3
OPENJPA-1397,2009-11-19T13:43:43.000+0000,2.0.0-M3,2.0.0-beta,1.2.1;2.0.0-M3
OPENJPA-1396,2009-11-19T05:58:51.000+0000,2.0.0-M3,2.0.0-beta,2.0.0-M3
OPENJPA-1394,2009-11-18T15:38:01.000+0000,2.0.0-M3,2.0.0-beta,2.0.0-M3
OPENJPA-1393,2009-11-18T00:19:39.000+0000,2.0.0-M3,2.0.0-beta,2.0.0-M3
OPENJPA-1392,2009-11-18T00:18:12.000+0000,2.0.0-M3,2.0.0-beta,2.0.0-M3
OPENJPA-1391,2009-11-17T20:43:52.000+0000,2.0.0-M3,2.0.0-beta,2.0.0-M3
OPENJPA-1390,2009-11-17T18:07:30.000+0000,2.0.0-M3,2.0.0-beta,2.0.0-M3
OPENJPA-1388,2009-11-16T18:14:02.000+0000,2.0.0-M3,2.0.0-beta,
OPENJPA-1387,2009-11-13T14:50:35.000+0000,2.0.0-M3,1.2.3,1.2.3;2.0.0-M3
OPENJPA-1386,2009-11-13T05:46:22.000+0000,2.0.0-M3,2.0.0-beta,2.0.0-M3
OPENJPA-1385,2009-11-12T22:35:25.000+0000,2.0.0-M3,2.0.0-beta,2.0.0-M3
OPENJPA-1384,2009-11-12T18:43:45.000+0000,2.0.0-M3,2.0.0-beta,1.2.1
OPENJPA-1383,2009-11-12T15:02:32.000+0000,2.0.0-M3,2.0.0-beta,2.0.0-M2
OPENJPA-1381,2009-11-11T15:53:47.000+0000,2.0.0-M3,2.0.0-beta,2.0.0
OPENJPA-1380,2009-11-11T00:54:42.000+0000,2.0.0-M3,2.0.0-beta,1.2.1
OPENJPA-1379,2009-11-09T20:47:12.000+0000,2.0.0-M3,2.0.0-beta,2.0.0-M3
OPENJPA-1377,2009-11-06T22:43:57.000+0000,2.0.0-M3,2.0.0-beta,2.0.0-M3
OPENJPA-1376,2009-11-04T23:49:17.000+0000,2.0.0-M3,1.2.3,1.2.1;2.0.0-M3;2.1.0
OPENJPA-1375,2009-11-04T21:56:14.000+0000,2.0.0-M3,2.0.0-beta,2.0.0-M3
OPENJPA-1372,2009-10-31T21:26:20.000+0000,2.0.0-M3,2.1.0,1.2.1;2.0.0-M3
OPENJPA-1371,2009-10-30T22:51:47.000+0000,2.0.0-M3,2.0.0-M3,2.0.0-M3
OPENJPA-1370,2009-10-30T20:40:25.000+0000,2.0.0-M3,2.0.0-beta,2.0.0-M3
OPENJPA-1367,2009-10-30T13:00:06.000+0000,2.0.0-M3,2.0.0-beta2,1.2.1;2.0.0-M1;2.0.0-M2;2.0.0-M3;2.0.0-beta
OPENJPA-1360,2009-10-23T15:53:05.000+0000,2.0.0-M3,2.0.0-beta3,1.2.2
OPENJPA-1355,2009-10-20T15:13:28.000+0000,2.0.0-M3,2.0.0-beta,2.0.0-beta
OPENJPA-1354,2009-10-19T18:29:36.000+0000,2.0.0-M3,2.0.0-beta,
OPENJPA-1352,2009-10-15T06:50:33.000+0000,2.0.0-M3,2.0.0-beta,2.0.0-M3
OPENJPA-1351,2009-10-14T23:30:39.000+0000,2.0.0-M3,2.0.0-beta,2.0.0-M3
OPENJPA-1350,2009-10-14T15:58:10.000+0000,2.0.0-M3,1.2.3,1.0.3;1.2.1;2.0.0-M3
OPENJPA-1349,2009-10-14T03:23:13.000+0000,2.0.0-M3,2.0.0-beta,2.0.0-beta
OPENJPA-1344,2009-10-12T00:51:17.000+0000,2.0.0-M2,2.0.0-beta,2.0.0-M2;2.0.0-M3
OPENJPA-1343,2009-10-11T11:26:12.000+0000,2.0.0-M2,2.2.0,2.0.0
OPENJPA-1341,2009-10-08T21:55:02.000+0000,2.0.0-M2,2.0.0-beta,2.0.0
OPENJPA-1338,2009-10-06T16:10:54.000+0000,2.0.0-M2,2.0.0-M3,2.0.0
OPENJPA-1335,2009-10-02T16:19:55.000+0000,2.0.0-M2,2.0.0-M3,2.0.0-M2
OPENJPA-1333,2009-10-01T16:06:32.000+0000,2.0.0-M2,2.0.0-M3,2.0.0-M3
OPENJPA-1328,2009-09-25T18:38:22.000+0000,2.0.0-M2,1.0.4,1.2.0;1.2.1
OPENJPA-1326,2009-09-23T15:42:32.000+0000,2.0.0-M2,2.0.0-beta,1.2.1
OPENJPA-1325,2009-09-23T14:19:06.000+0000,2.0.0-M2,2.0.0-M3,2.0.0-M3
OPENJPA-1321,2009-09-21T18:43:05.000+0000,2.0.0-M2,2.0.0-beta,1.2.1
OPENJPA-1308,2009-09-18T14:23:43.000+0000,2.0.0-M2,1.0.4,1.0.3;1.2.1;2.0.0-M2;2.0.0-M3
OPENJPA-1303,2009-09-16T15:15:49.000+0000,2.0.0-M2,3.2.0,2.0.0
OPENJPA-1302,2009-09-15T18:48:53.000+0000,2.0.0-M2,2.0.0-M3,1.0.3;1.1.0;1.2.1;2.0.0-M2
OPENJPA-1295,2009-09-11T23:10:43.000+0000,2.0.0-M2,2.0.0-M3,1.0.3;1.1.0;1.2.1;2.0.0-M2
OPENJPA-1294,2009-09-11T21:59:51.000+0000,2.0.0-M2,2.0.0-beta,2.0.0-M3
OPENJPA-1293,2009-09-11T18:58:00.000+0000,2.0.0-M2,2.0.0-beta,2.0.0-M3
OPENJPA-1289,2009-09-09T19:49:55.000+0000,2.0.0-M2,1.2.3,1.2.2;2.0.0-M3
OPENJPA-1286,2009-09-03T21:49:58.000+0000,2.0.0-M2,2.0.0-M3,2.0.0-M2
OPENJPA-1284,2009-09-02T21:19:57.000+0000,2.0.0-M2,2.0.0-M3,1.0.3;1.1.0;1.2.1;2.0.0-M3
OPENJPA-1283,2009-09-02T21:14:46.000+0000,2.0.0-M2,2.0.0-M3,2.0.0-M2
OPENJPA-1281,2009-09-02T01:44:19.000+0000,2.0.0-M2,2.0.0-M3,2.0.0-M2
OPENJPA-1279,2009-09-01T19:47:30.000+0000,2.0.0-M2,2.0.0-M3,2.0.0-M2
OPENJPA-1269,2009-08-28T04:25:27.000+0000,2.0.0-M2,2.0.0-M3,2.0.0-M2
OPENJPA-1263,2009-08-25T04:33:08.000+0000,2.0.0-M2,2.0.0-beta,1.1.0;1.2.0;1.2.1
OPENJPA-1260,2009-08-23T12:25:28.000+0000,2.0.0-M2,2.0.0-M3,2.0.0
OPENJPA-1256,2009-08-19T21:04:55.000+0000,2.0.0-M2,2.0.0-M3,2.0.0-M2
OPENJPA-1253,2009-08-19T15:18:05.000+0000,2.0.0-M2,2.0.0-M3,2.0.0-M1;2.0.0-M2;2.0.0-M3
OPENJPA-1250,2009-08-17T16:44:47.000+0000,2.0.0-M2,2.0.0-M3,2.0.0-M2
OPENJPA-1248,2009-08-15T11:04:05.000+0000,2.0.0-M2,2.0.0-beta3,1.1.0;1.2.0;1.2.1;1.2.2
OPENJPA-1244,2009-08-13T14:42:08.000+0000,2.0.0-M2,1.0.4,1.0.3
OPENJPA-1243,2009-08-13T13:05:38.000+0000,2.0.0-M2,1.0.4,1.0.4
OPENJPA-1242,2009-08-12T21:41:39.000+0000,2.0.0-M2,2.0.0-M3,2.0.0-M2
OPENJPA-1239,2009-08-11T19:53:29.000+0000,2.0.0-M2,2.0.0-M3,2.0.0-M3
OPENJPA-1234,2009-08-09T20:38:17.000+0000,2.0.0-M2,2.0.0-beta3,
OPENJPA-1232,2009-08-07T19:34:36.000+0000,2.0.0-M2,2.0.0-M3,2.0.0-M2
OPENJPA-1230,2009-08-06T17:28:27.000+0000,2.0.0-M2,2.0.0-M3,2.0.0-M3
OPENJPA-1227,2009-08-05T16:26:53.000+0000,2.0.0-M2,2.0.0-M3,1.2.1
OPENJPA-1226,2009-08-05T00:12:48.000+0000,2.0.0-M2,1.2.3,2.0.0-M3
OPENJPA-1224,2009-08-04T01:57:53.000+0000,2.0.0-M2,2.0.0-beta,1.2.1
OPENJPA-1221,2009-08-03T20:14:00.000+0000,2.0.0-M2,2.0.0-M3,2.0.0
OPENJPA-1218,2009-07-31T21:44:50.000+0000,2.0.0-M2,2.0.0-M3,2.0.0-M1;2.0.0-M2;2.0.0
OPENJPA-1217,2009-07-31T13:52:08.000+0000,2.0.0-M2,2.0.0-M3,2.0.0-M2
OPENJPA-1211,2009-07-30T14:35:03.000+0000,2.0.0-M2,2.0.0-M3,2.0.0-M2
OPENJPA-1206,2009-07-29T17:10:27.000+0000,2.0.0-M2,2.0.0-M3,2.0.0-M2;2.0.0
OPENJPA-1205,2009-07-29T17:04:00.000+0000,2.0.0-M2,2.0.0-M3,1.2.1
OPENJPA-1204,2009-07-29T05:40:52.000+0000,2.0.0-M2,2.0.0-M3,
OPENJPA-1203,2009-07-29T01:43:33.000+0000,2.0.0-M2,2.0.0-M3,2.0.0
OPENJPA-1201,2009-07-28T18:17:29.000+0000,2.0.0-M2,2.0.0-M3,1.2.0;1.2.1
OPENJPA-1200,2009-07-28T17:45:50.000+0000,2.0.0-M2,2.0.0-M3,2.0.0-M2
OPENJPA-1197,2009-07-27T15:38:41.000+0000,2.0.0-M2,1.0.4,1.0.3;1.2.1
OPENJPA-1189,2009-07-21T17:55:55.000+0000,2.0.0-M2,2.0.0-beta,2.0.0-beta
OPENJPA-1185,2009-07-20T16:47:38.000+0000,2.0.0-M2,2.0.0-beta,2.0.0-M3
OPENJPA-1184,2009-07-20T15:55:45.000+0000,2.0.0-M2,2.0.0-M3,1.2.1
OPENJPA-1174,2009-07-10T17:02:49.000+0000,2.0.0-M2,2.0.0-M3,2.0.0
OPENJPA-1168,2009-07-08T22:00:13.000+0000,2.0.0-M2,2.0.0-M3,
OPENJPA-1165,2009-07-08T19:03:07.000+0000,2.0.0-M2,,1.2.1
OPENJPA-1163,2009-07-08T15:31:56.000+0000,2.0.0-M2,2.0.0-M3,1.2.0
OPENJPA-1160,2009-07-06T15:50:54.000+0000,2.0.0-M2,2.0.0,
OPENJPA-1159,2009-07-04T03:53:14.000+0000,2.0.0-M2,2.0.0-M3,2.0.0-M2
OPENJPA-1158,2009-07-03T20:17:02.000+0000,2.0.0-M2,2.0.0-M3,2.0.0
OPENJPA-1156,2009-07-02T16:53:33.000+0000,2.0.0-M2,1.2.2,1.2.2;2.0.0
OPENJPA-1155,2009-07-02T15:41:31.000+0000,2.0.0-M2,2.0.0-M3,2.0.0
OPENJPA-1142,2009-06-22T18:51:46.000+0000,2.0.0-M2,2.0.0-beta,2.0.0-M3
OPENJPA-1141,2009-06-19T15:35:19.000+0000,2.0.0-M2,2.0.0-beta,1.2.0
OPENJPA-1139,2009-06-17T17:41:49.000+0000,2.0.0-M2,2.0.0-M3,2.0.0
OPENJPA-1135,2009-06-11T19:13:47.000+0000,2.0.0-M2,2.0.0-M3,2.0.0
OPENJPA-1133,2009-06-11T02:02:45.000+0000,2.0.0-M2,2.0.0-M3,2.0.0
OPENJPA-1132,2009-06-10T17:57:38.000+0000,2.0.0-M2,2.0.0-M3,2.0.0
OPENJPA-1129,2009-06-08T18:41:49.000+0000,2.0.0-M2,2.0.0-M3,2.0.0
OPENJPA-1127,2009-06-06T08:54:55.000+0000,2.0.0-M2,2.0.0-M3,1.2.1;2.0.0
OPENJPA-1125,2009-06-05T16:29:44.000+0000,2.0.0-M2,2.0.0-M3,2.0.0
OPENJPA-1121,2009-06-05T11:17:40.000+0000,2.0.0-M2,2.0.0-M3,1.2.1
OPENJPA-1120,2009-06-05T09:17:41.000+0000,2.0.0-M2,2.0.0-M3,1.0.3;1.1.0;1.2.1;2.0.0
OPENJPA-1119,2009-06-04T20:03:19.000+0000,2.0.0-M2,2.0.0-M3,2.0.0
OPENJPA-1117,2009-06-03T18:45:49.000+0000,1.2.1,2.0.0-M3,2.0.0
OPENJPA-1116,2009-06-03T13:38:56.000+0000,1.2.1,2.0.0-M3,2.0.0-M2
OPENJPA-1100,2009-05-22T13:12:16.000+0000,1.2.1,2.0.0-M3,1.2.1;2.0.0-M2
OPENJPA-1099,2009-05-21T18:42:01.000+0000,1.2.1,2.0.0-M2,1.1.0;1.2.0;1.2.1
OPENJPA-1097,2009-05-21T13:45:28.000+0000,1.2.1,2.0.0-beta3,1.2.2;2.0.0-M1
OPENJPA-1091,2009-05-15T17:32:28.000+0000,1.2.1,1.2.3,1.2.1;2.0.0-M2
OPENJPA-1088,2009-05-15T14:25:44.000+0000,1.2.1,2.0.0-M2,2.0.0-M2
OPENJPA-1074,2009-05-08T15:16:54.000+0000,1.2.1,2.0.0-M3,2.0.0-M2
OPENJPA-1072,2009-05-07T16:48:12.000+0000,1.2.1,2.0.0-M2,2.0.0-M2
OPENJPA-1070,2009-05-07T10:28:46.000+0000,1.2.1,2.0.0-M2,1.2.1;2.0.0-M2
OPENJPA-1067,2009-05-06T15:58:41.000+0000,1.2.1,1.0.4,1.0.3;1.2.1;2.0.0-M2
OPENJPA-1065,2009-05-05T22:53:57.000+0000,1.2.1,2.0.0-M3,2.0.0-M2
OPENJPA-1061,2009-05-05T18:26:31.000+0000,1.2.1,1.0.4,1.2.0;1.2.1
OPENJPA-1060,2009-05-04T19:18:41.000+0000,1.2.1,2.0.0-M2,2.0.0-M2
OPENJPA-1054,2009-04-29T16:41:12.000+0000,1.2.1,2.0.0-M2,
OPENJPA-1053,2009-04-29T04:56:00.000+0000,1.2.1,2.0.0-M2,2.0.0-M2
OPENJPA-1051,2009-04-28T16:13:17.000+0000,1.2.1,2.0.0-M2,1.0.0;2.0.0-M2
OPENJPA-1049,2009-04-22T23:57:50.000+0000,1.2.1,2.0.0-M3,1.2.1;2.0.0-M2
OPENJPA-1046,2009-04-22T23:39:31.000+0000,1.2.1,2.0.0-beta,
OPENJPA-1043,2009-04-21T15:39:05.000+0000,1.2.1,2.0.0-M3,1.2.1;2.0.0-M2
OPENJPA-1041,2009-04-15T23:22:05.000+0000,1.2.1,2.0.0-M2,2.0.0-M2
OPENJPA-1039,2009-04-15T08:33:30.000+0000,1.2.1,2.0.0-M1,
OPENJPA-1031,2009-04-09T19:18:53.000+0000,1.2.1,2.0.0-M2,
OPENJPA-1029,2009-04-08T18:47:28.000+0000,1.2.1,1.0.4,2.0.0-M2
OPENJPA-1028,2009-04-07T21:49:01.000+0000,1.2.1,2.0.0-M2,2.0.0-M2
OPENJPA-1025,2009-04-07T07:13:37.000+0000,1.2.1,1.0.4,1.2.1;2.0.0-M2
OPENJPA-1020,2009-04-03T17:18:23.000+0000,1.2.1,2.0.0-beta,1.2.1;2.0.0-M2
OPENJPA-1006,2009-03-30T17:25:25.000+0000,1.2.1,2.0.0-M2,1.2.1;2.0.0-M2
OPENJPA-1004,2009-03-30T16:06:33.000+0000,1.2.1,2.0.0-M2,1.2.2;2.0.0-M2
OPENJPA-1002,2009-03-30T08:25:00.000+0000,1.2.1,2.0.0-M3,1.1.0;1.2.1;2.0.0-M2
OPENJPA-1001,2009-03-29T20:03:01.000+0000,1.2.1,1.2.3,1.2.1
OPENJPA-999,2009-03-25T17:36:22.000+0000,1.2.1,2.0.0-M2,2.0.0-M2
OPENJPA-993,2009-03-20T13:23:07.000+0000,1.2.1,2.0.0-beta,1.2.0;1.2.1
OPENJPA-992,2009-03-19T21:50:04.000+0000,1.2.1,2.0.0-M2,1.2.2;2.0.0-M2
OPENJPA-981,2009-03-16T20:24:46.000+0000,2.0.0-M1,2.0.0-M2,
OPENJPA-973,2009-03-10T23:31:59.000+0000,2.0.0-M1,2.0.0-M3,
OPENJPA-970,2009-03-10T16:32:15.000+0000,2.0.0-M1,2.0.0-M2,1.2.0
OPENJPA-965,2009-03-06T23:04:25.000+0000,2.0.0-M1,2.0.0-M2,2.0.0-M2
OPENJPA-955,2009-03-05T16:38:40.000+0000,2.0.0-M1,2.0.0-M2,1.2.0
OPENJPA-951,2009-03-03T17:01:44.000+0000,2.0.0-M1,1.0.4,1.0.4;1.2.1;2.0.0-M2
OPENJPA-947,2009-03-01T22:35:34.000+0000,2.0.0-M1,2.0.0-M2,1.0.3;1.1.0;1.2.0
OPENJPA-944,2009-02-26T18:58:03.000+0000,2.0.0-M1,2.0.0-beta,1.0.0;1.0.1;1.0.2;1.0.3;1.1.0;1.2.0
OPENJPA-940,2009-02-25T07:58:07.000+0000,2.0.0-M1,2.1.1,1.2.0;2.0.0-M2
OPENJPA-935,2009-02-21T11:59:39.000+0000,2.0.0-M1,2.0.0-M2,1.2.0
OPENJPA-934,2009-02-21T09:38:42.000+0000,2.0.0-M1,2.0.0-M3,2.0.0-M2
OPENJPA-933,2009-02-21T08:24:36.000+0000,2.0.0-M1,2.0.0-M2,1.2.0;2.0.0-M2
OPENJPA-932,2009-02-20T19:50:11.000+0000,2.0.0-M1,2.0.0-M3,1.2.0;2.0.0-M1;2.0.0-M2
OPENJPA-927,2009-02-18T16:18:45.000+0000,2.0.0-M1,2.0.0-M2,2.0.0-M2
OPENJPA-925,2009-02-18T06:43:03.000+0000,2.0.0-M1,2.0.0-M2,1.2.0;1.2.1;2.0.0-M1;2.0.0-M2
OPENJPA-922,2009-02-16T16:38:58.000+0000,2.0.0-M1,2.0.0-M3,1.2.0;2.0.0-M2
OPENJPA-917,2009-02-10T14:59:13.000+0000,2.0.0-M1,1.0.4,1.2.0
OPENJPA-916,2009-02-09T19:46:22.000+0000,2.0.0-M1,2.0.0-M2,1.1.0;1.2.0;2.0.0-M2
OPENJPA-913,2009-02-09T06:51:26.000+0000,2.0.0-M1,2.0.0-M2,1.2.0
OPENJPA-912,2009-02-08T01:33:18.000+0000,2.0.0-M1,2.0.0-M2,1.2.0;1.2.1;2.0.0-M1;2.0.0-M2
OPENJPA-898,2009-02-04T19:16:01.000+0000,2.0.0-M1,2.0.0-M2,1.2.0
OPENJPA-896,2009-02-04T16:39:44.000+0000,2.0.0-M1,1.0.4,1.0.3;1.1.0;1.2.0
OPENJPA-890,2009-02-02T21:31:16.000+0000,2.0.0-M1,2.0.0-M3,1.0.3;1.1.0;1.2.0;2.0.0-M1;2.0.0-M2
OPENJPA-887,2009-02-01T15:01:58.000+0000,2.0.0-M1,2.0.0-M2,2.0.0-M1;2.0.0-M2
OPENJPA-886,2009-01-30T22:18:30.000+0000,2.0.0-M1,2.0.0-M2,2.0.0-M2
OPENJPA-884,2009-01-30T14:38:47.000+0000,2.0.0-M1,2.0.0-M2,1.2.0;1.2.1;2.0.0-M1;2.0.0-M2
OPENJPA-883,2009-01-30T13:43:54.000+0000,2.0.0-M1,2.0.0-M2,1.2.0;1.2.1;2.0.0-M1;2.0.0-M2
OPENJPA-873,2009-01-26T19:05:24.000+0000,1.2.0,1.0.4,1.2.0
OPENJPA-872,2009-01-26T07:12:42.000+0000,1.2.0,2.0.0-M2,1.2.0
OPENJPA-867,2009-01-23T15:37:26.000+0000,1.2.0,2.2.0,1.2.0;2.0.0-M2
OPENJPA-866,2009-01-23T14:53:51.000+0000,1.2.0,2.0.0-M2,1.2.0;2.0.0-M2
OPENJPA-864,2009-01-21T23:30:21.000+0000,1.2.0,1.0.4,1.0.3;1.2.0
OPENJPA-863,2009-01-19T18:07:33.000+0000,1.2.0,2.0.0-M2,1.2.0;2.0.0-M2
OPENJPA-862,2009-01-17T22:52:25.000+0000,1.2.0,1.2.1,1.2.0
OPENJPA-860,2009-01-15T15:48:42.000+0000,1.2.0,,1.2.0
OPENJPA-859,2009-01-14T15:17:26.000+0000,1.2.0,2.0.0-beta,2.0.0-M2
OPENJPA-853,2009-01-09T00:08:37.000+0000,1.2.0,2.0.0-M2,1.2.0
OPENJPA-847,2008-12-31T10:18:29.000+0000,1.2.0,2.0.0-M2,2.0.0-M2
OPENJPA-845,2008-12-23T19:25:03.000+0000,1.2.0,2.0.0-M1,
OPENJPA-844,2008-12-23T16:47:54.000+0000,1.2.0,,
OPENJPA-843,2008-12-22T19:16:01.000+0000,1.2.0,2.0.0-M2,2.0.0-M2
OPENJPA-838,2008-12-19T18:51:31.000+0000,1.2.0,2.0.0-M2,1.2.0
OPENJPA-836,2008-12-19T12:03:53.000+0000,1.2.0,2.0.0-M2,1.2.0
OPENJPA-835,2008-12-18T23:07:23.000+0000,1.2.0,2.0.0-M2,1.2.0;1.2.1;2.0.0-M2
OPENJPA-834,2008-12-18T21:10:21.000+0000,1.2.0,2.0.0-M2,2.0.0-M2
OPENJPA-828,2008-12-16T01:26:35.000+0000,1.2.0,1.2.3,2.0.0-M1;2.0.0-M2
OPENJPA-825,2008-12-11T23:40:42.000+0000,1.2.0,2.0.0-M1,2.0.0-M2
OPENJPA-824,2008-12-11T04:09:15.000+0000,1.2.0,2.0.0-M1,
OPENJPA-821,2008-12-10T01:15:05.000+0000,1.2.0,2.0.0-M1,2.0.0-M1
OPENJPA-820,2008-12-09T23:02:36.000+0000,1.2.0,,2.0.0-M2
OPENJPA-819,2008-12-08T21:58:21.000+0000,1.2.0,2.0.0-M2,2.0.0-M2
OPENJPA-818,2008-12-05T21:22:08.000+0000,1.2.0,2.0.0-M2,2.0.0-M2
OPENJPA-815,2008-12-04T20:19:14.000+0000,1.2.0,2.0.0-M2,
OPENJPA-812,2008-12-04T02:27:00.000+0000,1.2.0,2.0.0-M1,2.0.0-M1
OPENJPA-811,2008-12-03T18:44:59.000+0000,1.2.0,2.0.0-M2,1.2.0;2.0.0-M2
OPENJPA-801,2008-12-01T18:18:19.000+0000,1.2.0,2.0.0-M1,2.0.0-M1
OPENJPA-799,2008-12-01T00:06:47.000+0000,1.2.0,2.0.0-M1,2.0.0-M1
OPENJPA-798,2008-11-29T03:38:26.000+0000,1.2.0,2.0.0-M2,2.0.0-M2
OPENJPA-797,2008-11-29T01:38:48.000+0000,1.2.0,,2.0.0-M2
OPENJPA-795,2008-11-27T16:41:30.000+0000,1.2.0,2.0.0-M2,1.2.0
OPENJPA-794,2008-11-27T00:16:43.000+0000,1.2.0,2.0.0-M1,2.0.0-M1
OPENJPA-792,2008-11-26T19:15:40.000+0000,1.2.0,2.0.0-M2,2.0.0-M2
OPENJPA-789,2008-11-26T17:42:11.000+0000,1.2.0,2.0.0-M3,2.0.0-M2
OPENJPA-787,2008-11-26T03:15:07.000+0000,1.2.0,2.0.0-M2,2.0.0-M2
OPENJPA-777,2008-11-21T00:49:22.000+0000,1.2.0,2.0.0-M2,1.2.0;1.2.1;2.0.0-M2
OPENJPA-774,2008-11-19T03:40:32.000+0000,1.2.0,2.0.0-beta3,1.1.0;1.2.0;2.0.0-M2
OPENJPA-764,2008-11-10T20:57:22.000+0000,1.2.0,2.0.0-M2,
OPENJPA-762,2008-11-04T20:05:46.000+0000,1.2.0,2.0.0-M2,1.2.0
OPENJPA-761,2008-11-04T18:02:13.000+0000,1.2.0,2.0.0-M2,1.0.4;1.1.0;1.2.1;2.0.0-M2
OPENJPA-755,2008-10-30T05:19:16.000+0000,1.2.0,2.0.0-M2,1.2.1
OPENJPA-753,2008-10-27T16:07:37.000+0000,1.2.0,,1.2.1
OPENJPA-751,2008-10-23T20:01:40.000+0000,1.2.0,2.0.0-M2,
OPENJPA-750,2008-10-17T20:26:28.000+0000,1.2.0,,
OPENJPA-748,2008-10-16T16:18:39.000+0000,1.2.0,2.0.0-beta,1.2.0
OPENJPA-745,2008-10-13T22:36:20.000+0000,1.2.0,1.2.1,1.2.0
OPENJPA-743,2008-10-10T13:52:39.000+0000,1.2.0,,1.2.0
OPENJPA-740,2008-10-07T22:15:36.000+0000,1.2.0,2.0.0-beta3,1.2.0;1.2.1;1.2.2;2.0.0-M3;2.0.0-beta;2.0.0-beta2
OPENJPA-733,2008-09-25T17:29:55.000+0000,1.2.0,1.2.1,1.2.0
OPENJPA-732,2008-09-23T19:51:21.000+0000,1.2.0,1.2.2,1.2.1
OPENJPA-731,2008-09-19T17:24:32.000+0000,1.2.0,1.2.1,1.2.0;1.2.1
OPENJPA-727,2008-09-17T10:42:04.000+0000,1.2.0,1.0.4,1.2.1
OPENJPA-724,2008-09-13T17:08:06.000+0000,1.2.0,1.0.4,1.2.0
OPENJPA-719,2008-09-10T15:36:30.000+0000,1.2.0,1.2.1,1.0.3;1.0.4;1.1.0;1.2.0;1.2.1
OPENJPA-715,2008-09-04T13:07:03.000+0000,1.2.0,1.0.4,1.0.0;1.1.0;1.2.0
OPENJPA-714,2008-09-04T12:37:58.000+0000,1.2.0,2.0.0-beta,1.1.0;1.2.0
OPENJPA-713,2008-09-04T11:46:45.000+0000,1.2.0,1.0.4,1.0.3;1.2.0
OPENJPA-712,2008-09-03T16:32:14.000+0000,1.2.0,1.2.3,1.2.1
OPENJPA-711,2008-09-03T08:26:10.000+0000,1.2.0,1.0.4,1.2.0
OPENJPA-710,2008-09-02T21:14:24.000+0000,1.2.0,1.0.4,1.0.0;1.0.1;1.0.2;1.0.3;1.0.4;1.1.0;1.2.0;1.2.1
OPENJPA-705,2008-08-25T22:00:14.000+0000,1.2.0,,
OPENJPA-702,2008-08-25T15:38:14.000+0000,1.2.0,1.2.1,
OPENJPA-700,2008-08-22T17:40:14.000+0000,1.2.0,,
OPENJPA-699,2008-08-22T17:24:33.000+0000,1.2.0,2.0.0-M1,1.0.0
OPENJPA-698,2008-08-22T15:41:50.000+0000,1.2.0,,
OPENJPA-697,2008-08-22T03:47:58.000+0000,1.2.0,,2.0.0
OPENJPA-696,2008-08-21T15:25:40.000+0000,1.2.0,2.3.0,1.0.0;1.0.1;1.0.2;1.0.3;1.1.0;1.2.0
OPENJPA-695,2008-08-19T17:32:40.000+0000,1.2.0,,1.2.0
OPENJPA-693,2008-08-13T01:08:41.000+0000,1.2.0,,
OPENJPA-692,2008-08-09T19:13:09.000+0000,1.0.3,,
OPENJPA-685,2008-08-08T20:04:46.000+0000,1.0.3,1.0.4,1.2.1
OPENJPA-680,2008-08-08T01:12:24.000+0000,1.0.3,1.2.2,1.2.0;1.2.1
OPENJPA-679,2008-08-07T21:32:30.000+0000,1.0.3,1.2.1,
OPENJPA-678,2008-08-07T18:31:23.000+0000,1.0.3,1.2.0,1.1.0
OPENJPA-677,2008-08-06T16:14:28.000+0000,1.0.3,1.2.3,1.1.0;1.2.0;1.2.1
OPENJPA-676,2008-08-06T15:29:48.000+0000,1.0.3,1.2.1,1.2.0
OPENJPA-674,2008-08-06T01:02:49.000+0000,1.0.3,1.2.0,
OPENJPA-670,2008-07-29T21:05:48.000+0000,1.0.3,1.2.0,1.2.0
OPENJPA-669,2008-07-28T21:11:05.000+0000,1.0.3,1.2.0,0.9.6;0.9.7;1.0.0;1.0.1;1.0.2;1.0.3;1.1.0
OPENJPA-668,2008-07-28T20:13:04.000+0000,1.0.3,1.2.0,1.2.0
OPENJPA-665,2008-07-24T17:42:49.000+0000,1.0.3,1.2.0,
OPENJPA-664,2008-07-24T15:16:11.000+0000,1.0.3,1.2.0,
OPENJPA-662,2008-07-17T18:59:43.000+0000,1.1.0,2.0.0-M1,
OPENJPA-660,2008-07-16T10:09:58.000+0000,1.1.0,1.2.0,1.0.0;1.0.1;1.0.2;1.0.3;1.0.4;1.1.0;1.2.0
OPENJPA-659,2008-07-14T17:33:02.000+0000,1.1.0,1.2.0,1.1.0
OPENJPA-657,2008-07-10T23:36:28.000+0000,1.1.0,1.2.0,
OPENJPA-656,2008-07-10T19:06:33.000+0000,1.1.0,1.2.0,1.2.0
OPENJPA-654,2008-07-08T12:39:17.000+0000,1.1.0,1.2.0,1.1.0
OPENJPA-653,2008-07-07T14:14:56.000+0000,1.1.0,1.2.0,1.2.0
OPENJPA-650,2008-07-02T17:40:44.000+0000,1.1.0,1.0.4,1.0.2;1.0.3;1.1.0;1.2.0
OPENJPA-647,2008-06-30T18:34:26.000+0000,1.1.0,1.2.0,1.1.0
OPENJPA-646,2008-06-27T16:42:30.000+0000,1.1.0,1.2.1,1.2.0
OPENJPA-645,2008-06-26T20:01:07.000+0000,1.1.0,1.0.4,1.0.3;1.1.0
OPENJPA-644,2008-06-26T19:28:12.000+0000,1.1.0,1.0.4,1.2.0
OPENJPA-642,2008-06-24T16:43:55.000+0000,1.1.0,1.2.0,
OPENJPA-640,2008-06-23T10:41:36.000+0000,1.1.0,2.0.0-beta3,1.0.2;1.1.0;1.2.0
OPENJPA-637,2008-06-16T20:25:06.000+0000,1.1.0,1.2.0,1.2.0
OPENJPA-634,2008-06-11T02:37:29.000+0000,1.1.0,1.2.0,1.2.0
OPENJPA-632,2008-06-10T21:29:32.000+0000,1.1.0,1.0.3,1.0.1;1.0.2
OPENJPA-630,2008-06-09T21:49:00.000+0000,1.1.0,1.2.0,1.0.2;1.1.0
OPENJPA-629,2008-06-09T16:51:19.000+0000,1.1.0,1.0.4,1.2.0
OPENJPA-628,2008-06-09T16:04:49.000+0000,1.1.0,1.2.0,1.1.0
OPENJPA-625,2008-06-05T14:00:16.000+0000,1.1.0,1.2.0,1.1.0
OPENJPA-622,2008-06-04T19:47:01.000+0000,1.1.0,1.0.4,1.0.3;1.1.0;1.2.0
OPENJPA-619,2008-06-02T19:37:06.000+0000,1.1.0,1.2.0,1.1.0
OPENJPA-618,2008-05-29T18:22:53.000+0000,1.1.0,,1.1.0
OPENJPA-617,2008-05-29T01:29:12.000+0000,1.1.0,1.2.0,
OPENJPA-614,2008-05-28T00:53:25.000+0000,1.1.0,1.2.0,
OPENJPA-612,2008-05-25T22:38:54.000+0000,1.1.0,1.2.0,
OPENJPA-607,2008-05-22T07:03:30.000+0000,1.0.2,1.2.0,
OPENJPA-606,2008-05-21T01:33:46.000+0000,1.0.2,1.0.4,1.2.0
OPENJPA-605,2008-05-20T19:08:31.000+0000,1.0.2,1.0.4,1.2.0
OPENJPA-602,2008-05-14T09:51:23.000+0000,1.0.2,1.2.0,1.1.0
OPENJPA-597,2008-05-09T03:03:56.000+0000,1.0.2,1.1.0,1.1.0
OPENJPA-596,2008-05-08T21:21:05.000+0000,1.0.2,1.2.0,
OPENJPA-595,2008-05-08T19:05:03.000+0000,1.0.2,1.2.0,1.2.0
OPENJPA-594,2008-05-08T17:38:52.000+0000,1.0.2,1.0.4,1.0.1;1.0.2
OPENJPA-590,2008-05-04T06:37:00.000+0000,1.0.2,1.2.0,
OPENJPA-589,2008-05-04T06:10:48.000+0000,1.0.2,1.2.0,1.1.0
OPENJPA-588,2008-05-02T19:52:27.000+0000,1.0.2,1.1.0,
OPENJPA-587,2008-05-02T17:19:24.000+0000,1.0.2,1.1.0,1.1.0
OPENJPA-586,2008-05-01T21:58:50.000+0000,1.0.2,1.2.0,
OPENJPA-585,2008-05-01T18:59:59.000+0000,1.0.2,1.1.0,1.1.0
OPENJPA-581,2008-04-23T13:54:45.000+0000,1.0.2,1.2.0,1.0.3;1.1.0;1.2.0
OPENJPA-580,2008-04-23T02:38:36.000+0000,1.0.2,2.0.0-M2,1.2.0
OPENJPA-579,2008-04-21T19:42:01.000+0000,1.0.2,1.1.0,1.1.0
OPENJPA-577,2008-04-18T21:15:27.000+0000,1.0.2,1.1.0,1.1.0
OPENJPA-576,2008-04-18T15:29:37.000+0000,1.0.2,1.1.0,
OPENJPA-574,2008-04-17T00:54:53.000+0000,1.0.2,1.2.0,1.1.0;1.2.0
OPENJPA-573,2008-04-16T22:20:14.000+0000,1.0.2,1.0.4,1.0.2;1.1.0
OPENJPA-568,2008-04-11T16:28:38.000+0000,1.0.2,1.1.0,1.1.0
OPENJPA-567,2008-04-10T10:11:25.000+0000,1.0.2,1.2.0,1.0.2
OPENJPA-566,2008-04-09T08:54:02.000+0000,1.0.2,,1.0.2
OPENJPA-565,2008-04-09T03:38:10.000+0000,1.0.2,1.2.0,1.0.2;1.0.3;1.1.0
OPENJPA-562,2008-04-08T21:35:42.000+0000,1.0.2,1.1.0,1.1.0
OPENJPA-559,2008-04-04T19:26:50.000+0000,1.0.2,1.0.3,1.0.3;1.1.0
OPENJPA-557,2008-04-04T07:13:41.000+0000,1.0.2,2.0.0-M2,1.0.2
OPENJPA-554,2008-04-02T19:47:11.000+0000,1.0.2,1.0.3,1.0.2
OPENJPA-552,2008-04-02T18:10:17.000+0000,1.0.2,1.0.3,1.0.2;1.0.3;1.1.0
OPENJPA-550,2008-04-01T16:39:25.000+0000,1.0.2,,1.0.2
OPENJPA-547,2008-03-27T21:43:02.000+0000,1.0.2,1.0.3,1.1.0
OPENJPA-543,2008-03-24T18:38:47.000+0000,1.0.2,1.0.3,1.0.0;1.0.1;1.0.2
OPENJPA-542,2008-03-24T18:14:07.000+0000,1.0.2,1.0.3,1.0.0;1.0.1;1.0.2
OPENJPA-540,2008-03-19T21:18:25.000+0000,1.0.2,1.0.3,1.0.0;1.0.1;1.0.2;1.0.3;1.1.0
OPENJPA-539,2008-03-19T20:31:23.000+0000,1.0.2,1.1.0,1.1.0
OPENJPA-537,2008-03-17T10:24:39.000+0000,1.0.2,1.0.3,1.0.0;1.0.1;1.0.2
OPENJPA-536,2008-03-13T03:14:29.000+0000,1.0.2,1.0.4,1.0.2;1.0.3
OPENJPA-535,2008-03-11T16:16:57.000+0000,1.0.2,1.0.3,1.0.2
OPENJPA-533,2008-03-06T12:00:08.000+0000,1.0.2,1.2.0,1.0.0
OPENJPA-532,2008-03-05T19:54:44.000+0000,1.0.2,1.1.0,1.1.0
OPENJPA-530,2008-03-03T01:19:26.000+0000,1.0.2,1.1.0,1.1.0
OPENJPA-528,2008-02-29T22:09:19.000+0000,1.0.2,,
OPENJPA-527,2008-02-28T17:57:29.000+0000,1.0.2,1.0.3,1.0.2
OPENJPA-526,2008-02-27T19:28:05.000+0000,1.0.2,2.1.0,1.0.0;1.0.2;1.1.0;1.2.0
OPENJPA-525,2008-02-27T19:20:04.000+0000,1.0.2,2.0.0-M3,1.0.0;1.0.2;1.1.0;1.2.1;2.0.0
OPENJPA-524,2008-02-26T18:23:09.000+0000,1.0.2,,1.0.2
OPENJPA-518,2008-02-15T23:05:38.000+0000,1.0.1,1.0.3,1.0.1
OPENJPA-516,2008-02-14T21:01:12.000+0000,1.0.1,1.1.0,1.0.0;1.0.1;1.0.2
OPENJPA-512,2008-02-08T00:43:47.000+0000,1.0.1,1.0.3,0.9.0;0.9.6;0.9.7;1.0.0;1.0.1
OPENJPA-511,2008-02-06T05:12:03.000+0000,1.0.1,1.1.0,1.0.1
OPENJPA-509,2008-02-05T21:27:58.000+0000,1.0.1,1.1.0,
OPENJPA-508,2008-02-01T20:45:49.000+0000,1.0.1,1.1.0,1.0.0;1.0.1
OPENJPA-506,2008-01-31T18:41:15.000+0000,1.0.1,1.1.0,1.1.0
OPENJPA-505,2008-01-29T21:23:41.000+0000,1.0.1,1.1.0,1.1.0
OPENJPA-504,2008-01-25T16:00:42.000+0000,1.0.1,1.2.0,1.1.0
OPENJPA-498,2008-01-19T00:52:23.000+0000,1.0.1,1.1.0,1.1.0
OPENJPA-497,2008-01-18T08:11:05.000+0000,1.0.1,,1.0.1
OPENJPA-495,2008-01-16T21:40:45.000+0000,1.0.1,,
OPENJPA-494,2008-01-16T09:31:52.000+0000,1.0.1,1.2.0,1.0.0;1.0.1;1.1.0
OPENJPA-493,2008-01-16T09:01:29.000+0000,1.0.1,1.2.0,1.0.0;1.0.1
OPENJPA-489,2008-01-16T01:55:24.000+0000,1.0.1,1.1.0,1.0.0;1.0.1
OPENJPA-485,2008-01-14T18:06:43.000+0000,1.0.1,1.2.0,
OPENJPA-484,2008-01-11T15:31:07.000+0000,1.0.1,1.1.0,1.0.1;1.1.0
OPENJPA-481,2008-01-10T02:35:18.000+0000,1.0.1,,1.1.0
OPENJPA-478,2008-01-08T16:24:08.000+0000,1.0.1,2.2.0,1.2.2;2.1.0
OPENJPA-472,2007-12-19T18:40:00.000+0000,1.0.1,1.1.0,1.0.1
OPENJPA-471,2007-12-19T18:04:27.000+0000,1.0.1,1.1.0,1.0.1
OPENJPA-470,2007-12-19T11:35:27.000+0000,1.0.1,1.2.0,0.9.0;0.9.6;0.9.7;1.0.0;1.0.1
OPENJPA-466,2007-12-13T02:40:28.000+0000,1.0.1,1.0.4,1.0.0;1.0.1;1.1.0;1.2.0
OPENJPA-464,2007-12-11T22:03:56.000+0000,1.0.1,1.1.0,1.1.0
OPENJPA-462,2007-12-06T14:56:33.000+0000,1.0.1,1.2.0,0.9.7
OPENJPA-460,2007-12-05T23:21:59.000+0000,1.0.1,1.1.0,1.1.0
OPENJPA-459,2007-12-05T16:38:29.000+0000,1.0.1,2.0.0-beta,1.0.0
OPENJPA-458,2007-12-03T21:47:17.000+0000,1.0.1,1.2.0,1.0.1
OPENJPA-457,2007-12-02T23:29:51.000+0000,1.0.1,,0.9.7;1.0.0;1.0.1
OPENJPA-456,2007-11-30T05:11:14.000+0000,1.0.1,1.2.0,1.1.0
OPENJPA-455,2007-11-27T23:44:28.000+0000,1.0.1,1.1.0,1.0.0;1.0.1
OPENJPA-452,2007-11-26T11:48:09.000+0000,1.0.1,1.1.0,1.0.2
OPENJPA-447,2007-11-20T03:04:33.000+0000,1.0.1,1.1.0,1.1.0
OPENJPA-446,2007-11-19T19:50:59.000+0000,1.0.1,1.1.0,1.0.1
OPENJPA-443,2007-11-15T18:18:53.000+0000,1.0.1,,1.1.0
OPENJPA-442,2007-11-14T18:54:23.000+0000,1.0.1,1.2.0,1.1.0;1.2.0
OPENJPA-440,2007-11-10T01:28:06.000+0000,1.0.1,1.1.0,1.0.0;1.1.0
OPENJPA-439,2007-11-10T00:43:44.000+0000,1.0.1,1.1.0,0.9.0;0.9.6;0.9.7;1.0.0;1.0.1;1.0.2;1.1.0
OPENJPA-438,2007-11-09T03:14:47.000+0000,1.0.0,,1.0.0
OPENJPA-437,2007-11-08T14:23:02.000+0000,1.0.0,1.1.0,1.0.0;1.0.1;1.0.2;1.1.0
OPENJPA-434,2007-11-06T06:28:07.000+0000,1.0.0,,1.0.0
OPENJPA-429,2007-11-02T00:47:49.000+0000,1.0.0,1.1.0,1.1.0
OPENJPA-428,2007-11-01T17:39:40.000+0000,1.0.0,,1.0.0
OPENJPA-427,2007-11-01T13:58:20.000+0000,1.0.0,1.1.0,1.0.0;1.1.0
OPENJPA-425,2007-10-30T21:32:11.000+0000,1.0.0,,1.0.0
OPENJPA-424,2007-10-29T12:24:21.000+0000,1.0.0,,1.0.0
OPENJPA-423,2007-10-28T13:58:06.000+0000,1.0.0,1.1.0,0.9.6;0.9.7;1.0.0
OPENJPA-422,2007-10-27T19:51:26.000+0000,1.0.0,1.1.0,1.0.0
OPENJPA-421,2007-10-27T00:35:24.000+0000,1.0.0,1.1.0,1.0.0;1.0.1;1.1.0
OPENJPA-420,2007-10-26T07:46:48.000+0000,1.0.0,1.1.0,1.0.0
OPENJPA-419,2007-10-26T05:24:37.000+0000,1.0.0,1.1.0,0.9.0;0.9.6;0.9.7;1.0.0
OPENJPA-416,2007-10-24T18:07:27.000+0000,1.0.0,1.1.0,0.9.6;0.9.7;1.0.0
OPENJPA-415,2007-10-24T15:58:01.000+0000,1.0.0,1.1.0,1.0.1;1.1.0
OPENJPA-413,2007-10-23T15:31:17.000+0000,1.0.0,1.1.0,1.0.0
OPENJPA-410,2007-10-19T13:25:13.000+0000,1.0.0,1.1.0,1.0.0;1.0.1;1.1.0
OPENJPA-409,2007-10-18T01:28:47.000+0000,1.0.0,1.1.0,1.0.0;1.0.1;1.1.0
OPENJPA-405,2007-10-16T20:48:53.000+0000,1.0.0,1.1.0,1.0.1
OPENJPA-403,2007-10-15T19:48:38.000+0000,1.0.0,1.1.0,1.0.1;1.1.0
OPENJPA-402,2007-10-13T03:16:01.000+0000,1.0.0,1.1.0,1.0.1;1.1.0
OPENJPA-401,2007-10-12T15:35:41.000+0000,1.0.0,1.1.0,1.0.0
OPENJPA-399,2007-10-10T22:48:18.000+0000,1.0.0,1.1.0,1.0.1
OPENJPA-397,2007-10-08T15:18:08.000+0000,1.0.0,1.1.0,1.0.0
OPENJPA-396,2007-10-08T14:14:22.000+0000,1.0.0,1.1.0,1.0.0;1.0.1;1.1.0
OPENJPA-395,2007-10-08T14:03:55.000+0000,1.0.0,1.1.0,1.0.0;1.0.1;1.1.0
OPENJPA-394,2007-10-07T00:41:41.000+0000,1.0.0,1.0.1,1.0.1
OPENJPA-393,2007-10-06T23:09:41.000+0000,1.0.0,1.2.0,1.0.0
OPENJPA-392,2007-10-04T14:40:31.000+0000,1.0.0,1.1.0,0.9.0;0.9.6;0.9.7;1.0.0
OPENJPA-389,2007-10-01T19:49:53.000+0000,1.0.0,1.1.0,1.0.0;1.0.1;1.1.0
OPENJPA-388,2007-09-28T16:51:47.000+0000,1.0.0,1.1.0,1.0.0
OPENJPA-387,2007-09-28T01:24:51.000+0000,1.0.0,1.1.0,1.0.0
OPENJPA-386,2007-09-27T14:26:06.000+0000,1.0.0,2.0.0-M3,0.9.7;1.0.0;1.0.2;1.1.0;1.2.1
OPENJPA-385,2007-09-26T14:04:52.000+0000,1.0.0,1.1.0,1.0.0;1.0.1;1.1.0
OPENJPA-382,2007-09-24T16:12:04.000+0000,1.0.0,1.1.0,1.0.1
OPENJPA-380,2007-09-21T18:48:12.000+0000,1.0.0,1.1.0,0.9.0;0.9.6;0.9.7;1.0.0
OPENJPA-379,2007-09-21T05:18:25.000+0000,1.0.0,1.1.0,0.9.0;0.9.6;0.9.7;1.0.0
OPENJPA-378,2007-09-20T19:07:08.000+0000,1.0.0,1.1.0,1.0.0;1.0.1;1.1.0
OPENJPA-375,2007-09-18T17:39:17.000+0000,1.0.0,1.1.0,1.0.0;1.0.1;1.1.0
OPENJPA-369,2007-09-14T15:45:57.000+0000,1.0.0,1.1.0,1.0.0
OPENJPA-368,2007-09-13T14:04:52.000+0000,1.0.0,1.1.0,0.9.7;1.0.0
OPENJPA-367,2007-09-12T16:30:38.000+0000,1.0.0,1.1.0,1.0.0
OPENJPA-366,2007-09-12T14:27:11.000+0000,1.0.0,1.1.0,1.0.0
OPENJPA-365,2007-09-12T01:58:22.000+0000,1.0.0,1.2.0,
OPENJPA-364,2007-09-11T18:57:37.000+0000,1.0.0,1.1.0,1.1.0
OPENJPA-363,2007-09-09T20:43:38.000+0000,1.0.0,,0.9.0;0.9.6;0.9.7;1.0.0
OPENJPA-361,2007-09-09T14:06:10.000+0000,1.0.0,1.1.0,1.0.0
OPENJPA-360,2007-09-08T19:35:26.000+0000,1.0.0,1.1.0,1.0.0;1.0.1;1.1.0
OPENJPA-359,2007-09-08T05:03:51.000+0000,1.0.0,1.1.0,1.0.0
OPENJPA-358,2007-09-07T23:01:44.000+0000,1.0.0,1.1.0,0.9.7;1.0.0
OPENJPA-357,2007-09-07T22:56:25.000+0000,1.0.0,1.1.0,0.9.7;1.0.0
OPENJPA-356,2007-09-07T19:26:39.000+0000,1.0.0,1.1.0,0.9.0;0.9.6;0.9.7;1.0.0
OPENJPA-355,2007-09-07T07:41:06.000+0000,1.0.0,1.1.0,1.0.0
OPENJPA-354,2007-09-06T22:29:52.000+0000,1.0.0,1.1.0,0.9.0;0.9.6;0.9.7;1.0.0
OPENJPA-353,2007-09-06T21:48:15.000+0000,1.0.0,1.1.0,1.0.0
OPENJPA-349,2007-09-05T09:09:50.000+0000,1.0.0,1.2.0,1.0.0
OPENJPA-347,2007-08-30T21:18:44.000+0000,1.0.0,1.1.0,1.0.0
OPENJPA-346,2007-08-30T18:38:00.000+0000,1.0.0,1.1.0,1.0.0
OPENJPA-345,2007-08-30T16:23:44.000+0000,1.0.0,,0.9.0;0.9.6;0.9.7;1.0.0
OPENJPA-343,2007-08-29T13:15:21.000+0000,1.0.0,1.1.0,0.9.7;1.0.0
OPENJPA-340,2007-08-28T15:40:33.000+0000,0.9.7,1.2.0,
OPENJPA-339,2007-08-27T17:21:57.000+0000,0.9.7,1.1.0,0.9.7
OPENJPA-335,2007-08-24T20:58:28.000+0000,0.9.7,1.1.0,1.0.0
OPENJPA-331,2007-08-23T21:08:21.000+0000,0.9.7,1.1.0,0.9.7;1.0.0
OPENJPA-329,2007-08-22T22:10:41.000+0000,0.9.7,1.1.0,1.0.2
OPENJPA-327,2007-08-22T21:04:15.000+0000,0.9.7,,1.0.0
OPENJPA-326,2007-08-22T03:58:36.000+0000,0.9.7,1.1.0,0.9.7
OPENJPA-325,2007-08-22T00:03:33.000+0000,0.9.7,1.0.0,0.9.0;0.9.6;0.9.7
OPENJPA-323,2007-08-20T16:07:15.000+0000,0.9.7,1.0.0,1.0.0
OPENJPA-321,2007-08-17T22:00:00.000+0000,0.9.7,1.0.0,0.9.7
OPENJPA-320,2007-08-16T20:39:23.000+0000,0.9.7,1.0.0,0.9.7
OPENJPA-315,2007-08-14T19:04:10.000+0000,0.9.7,1.0.0,
OPENJPA-314,2007-08-14T17:34:24.000+0000,0.9.7,1.0.0,
OPENJPA-313,2007-08-10T23:14:33.000+0000,0.9.7,1.0.0,
OPENJPA-312,2007-08-10T01:43:10.000+0000,0.9.7,1.0.0,1.0.0
OPENJPA-311,2007-08-09T19:51:37.000+0000,0.9.7,1.0.0,0.9.0;0.9.6;0.9.7;1.0.0
OPENJPA-308,2007-08-07T00:15:35.000+0000,0.9.7,1.0.0,0.9.0;0.9.6;0.9.7
OPENJPA-304,2007-07-31T15:33:10.000+0000,0.9.7,1.0.0,0.9.7
OPENJPA-303,2007-07-30T20:51:47.000+0000,0.9.7,,0.9.7;1.0.0
OPENJPA-296,2007-07-25T17:59:00.000+0000,0.9.7,1.0.0,0.9.0;0.9.6;0.9.7
OPENJPA-295,2007-07-25T16:15:24.000+0000,0.9.7,1.1.0,0.9.6
OPENJPA-288,2007-07-20T14:01:00.000+0000,0.9.7,,1.0.0
OPENJPA-287,2007-07-19T20:23:13.000+0000,0.9.7,1.0.0,0.9.7
OPENJPA-286,2007-07-19T10:11:12.000+0000,0.9.7,1.2.0,0.9.7;1.0.0;1.1.0
OPENJPA-285,2007-07-17T06:29:30.000+0000,0.9.7,1.0.0,1.0.0
OPENJPA-284,2007-07-16T14:11:03.000+0000,0.9.7,1.0.0,1.0.0
OPENJPA-283,2007-07-11T23:02:46.000+0000,0.9.7,,
OPENJPA-282,2007-07-09T15:59:41.000+0000,0.9.7,1.1.0,1.0.1
OPENJPA-281,2007-07-09T14:09:24.000+0000,0.9.7,1.0.0,0.9.7
OPENJPA-280,2007-07-06T20:49:25.000+0000,0.9.7,1.0.0,1.0.0
OPENJPA-278,2007-07-05T20:49:46.000+0000,0.9.7,1.0.0,0.9.0;0.9.6;0.9.7
OPENJPA-274,2007-07-01T20:25:59.000+0000,0.9.7,1.0.0,0.9.0;0.9.6;0.9.7
OPENJPA-272,2007-06-29T18:53:18.000+0000,0.9.7,1.0.0,0.9.7
OPENJPA-271,2007-06-29T15:18:40.000+0000,0.9.7,1.0.0,1.0.0
OPENJPA-269,2007-06-27T18:26:33.000+0000,0.9.7,1.0.0,
OPENJPA-261,2007-06-19T22:02:35.000+0000,0.9.7,,0.9.7
OPENJPA-258,2007-06-12T18:21:43.000+0000,0.9.7,1.1.0,0.9.6
OPENJPA-257,2007-06-12T17:27:22.000+0000,0.9.7,1.0.0,1.0.0
OPENJPA-256,2007-06-09T12:08:13.000+0000,0.9.7,1.0.0,
OPENJPA-255,2007-06-08T22:39:24.000+0000,0.9.7,1.1.0,0.9.7;1.0.0
OPENJPA-251,2007-06-06T16:29:11.000+0000,0.9.7,1.1.0,0.9.7
OPENJPA-248,2007-05-31T19:29:03.000+0000,0.9.7,1.0.0,0.9.7
OPENJPA-245,2007-05-27T14:03:51.000+0000,0.9.7,1.0.3,0.9.6;0.9.7
OPENJPA-244,2007-05-24T02:48:54.000+0000,0.9.7,1.0.0,1.0.0
OPENJPA-241,2007-05-19T12:41:43.000+0000,0.9.7,1.2.0,1.0.0
OPENJPA-237,2007-05-07T23:10:24.000+0000,0.9.7,1.0.0,0.9.7
OPENJPA-233,2007-05-02T14:50:42.000+0000,0.9.7,1.0.0,0.9.7
OPENJPA-231,2007-05-01T01:07:29.000+0000,0.9.7,1.1.0,0.9.7
OPENJPA-230,2007-04-27T20:50:34.000+0000,0.9.6,1.0.0,0.9.0;0.9.6;0.9.7
OPENJPA-229,2007-04-25T09:22:09.000+0000,0.9.6,1.0.0,0.9.0;0.9.6;0.9.7
OPENJPA-228,2007-04-25T06:59:35.000+0000,0.9.6,,0.9.6;0.9.7
OPENJPA-222,2007-04-18T17:01:42.000+0000,0.9.6,,0.9.7
OPENJPA-220,2007-04-17T20:58:25.000+0000,0.9.6,1.2.0,0.9.7
OPENJPA-219,2007-04-17T20:31:32.000+0000,0.9.6,1.0.0,0.9.0;0.9.6;0.9.7
OPENJPA-218,2007-04-17T14:39:12.000+0000,0.9.6,2.0.0-M2,0.9.6;0.9.7
OPENJPA-214,2007-04-11T15:42:36.000+0000,0.9.6,0.9.7,0.9.7
OPENJPA-210,2007-04-06T23:27:29.000+0000,0.9.6,1.0.4,0.9.7
OPENJPA-209,2007-04-06T22:52:53.000+0000,0.9.6,1.2.0,0.9.7
OPENJPA-208,2007-04-06T22:25:55.000+0000,0.9.6,0.9.7,0.9.6
OPENJPA-207,2007-04-06T20:56:44.000+0000,0.9.6,2.0.0-M2,0.9.6
OPENJPA-203,2007-04-05T08:55:45.000+0000,0.9.6,1.0.0,0.9.0;0.9.6
OPENJPA-202,2007-04-05T00:56:04.000+0000,0.9.6,0.9.7,0.9.7
OPENJPA-200,2007-04-05T00:13:13.000+0000,0.9.6,,0.9.7
OPENJPA-199,2007-04-04T23:34:51.000+0000,0.9.6,1.0.0,0.9.7
OPENJPA-186,2007-03-28T07:50:10.000+0000,0.9.6,0.9.7,0.9.7
OPENJPA-185,2007-03-28T03:25:31.000+0000,0.9.6,0.9.7,0.9.0;0.9.6
OPENJPA-181,2007-03-26T15:26:49.000+0000,0.9.6,0.9.7,0.9.7
OPENJPA-180,2007-03-23T21:03:20.000+0000,0.9.6,,0.9.0;0.9.6;0.9.7;1.0.0;1.1.0
OPENJPA-179,2007-03-22T19:49:39.000+0000,0.9.6,0.9.7,0.9.6;0.9.7
OPENJPA-177,2007-03-21T11:19:43.000+0000,0.9.6,1.0.0,0.9.6
OPENJPA-175,2007-03-19T23:57:25.000+0000,0.9.6,0.9.7,0.9.0;0.9.6
OPENJPA-174,2007-03-19T17:31:41.000+0000,0.9.6,0.9.7,0.9.6
OPENJPA-173,2007-03-14T00:38:17.000+0000,0.9.6,,0.9.6
OPENJPA-165,2007-03-09T18:06:32.000+0000,0.9.6,1.0.0,0.9.7
OPENJPA-162,2007-03-05T04:10:24.000+0000,0.9.6,0.9.7,0.9.6
OPENJPA-157,2007-02-21T03:48:49.000+0000,0.9.6,0.9.7,
OPENJPA-155,2007-02-20T04:53:33.000+0000,0.9.6,0.9.7,
OPENJPA-154,2007-02-20T01:41:05.000+0000,0.9.6,0.9.7,
OPENJPA-150,2007-02-15T14:38:15.000+0000,0.9.6,0.9.7,
OPENJPA-148,2007-02-14T21:45:24.000+0000,0.9.6,1.0.0,
OPENJPA-146,2007-02-14T12:00:07.000+0000,0.9.6,0.9.7,
OPENJPA-144,2007-02-13T17:25:13.000+0000,0.9.6,0.9.7,
OPENJPA-143,2007-02-13T17:19:09.000+0000,0.9.6,1.0.0,
OPENJPA-142,2007-02-13T07:58:54.000+0000,0.9.6,0.9.7,0.9.0;0.9.6
OPENJPA-140,2007-02-09T19:38:27.000+0000,0.9.6,0.9.7,
OPENJPA-139,2007-02-09T00:19:03.000+0000,0.9.6,0.9.7,
OPENJPA-134,2007-02-08T01:47:21.000+0000,0.9.6,0.9.7,
OPENJPA-133,2007-02-07T22:52:36.000+0000,0.9.6,0.9.7,
OPENJPA-132,2007-02-07T22:40:38.000+0000,0.9.6,0.9.7,
OPENJPA-123,2007-02-01T07:05:16.000+0000,0.9.6,2.0.0-beta,2.0.0-M1;2.0.0-M2;2.0.0-M3
OPENJPA-122,2007-02-01T05:34:40.000+0000,0.9.6,0.9.7,
OPENJPA-121,2007-02-01T02:42:25.000+0000,0.9.6,0.9.7,
OPENJPA-119,2007-01-31T23:58:33.000+0000,0.9.6,0.9.7,
OPENJPA-118,2007-01-31T16:05:53.000+0000,0.9.6,0.9.7,
OPENJPA-116,2007-01-29T22:28:58.000+0000,0.9.6,0.9.7,
OPENJPA-115,2007-01-29T19:20:46.000+0000,0.9.6,0.9.7,
OPENJPA-113,2007-01-25T02:04:02.000+0000,0.9.6,1.1.0,1.0.1
OPENJPA-112,2007-01-25T01:38:08.000+0000,0.9.6,1.2.0,
OPENJPA-110,2007-01-25T01:05:15.000+0000,0.9.6,0.9.7,
OPENJPA-109,2007-01-25T01:02:11.000+0000,0.9.6,0.9.7,
OPENJPA-107,2007-01-25T00:49:50.000+0000,0.9.6,0.9.7,
OPENJPA-104,2007-01-17T20:23:12.000+0000,0.9.6,0.9.7,
OPENJPA-103,2007-01-17T17:08:31.000+0000,0.9.6,0.9.7,
OPENJPA-102,2007-01-17T04:07:30.000+0000,0.9.6,0.9.7,
OPENJPA-100,2007-01-10T23:06:27.000+0000,0.9.6,0.9.7,
OPENJPA-98,2007-01-09T20:28:59.000+0000,0.9.6,0.9.7,
OPENJPA-91,2006-12-22T12:07:13.000+0000,0.9.6,,
OPENJPA-90,2006-12-15T11:06:12.000+0000,0.9.6,,
OPENJPA-86,2006-11-21T01:42:51.000+0000,0.9.0,1.0.0,0.9.6
OPENJPA-83,2006-11-15T19:50:09.000+0000,0.9.0,1.0.0,
OPENJPA-80,2006-11-13T20:01:09.000+0000,0.9.0,0.9.7,
OPENJPA-77,2006-11-09T17:55:44.000+0000,0.9.0,0.9.7,
OPENJPA-76,2006-11-07T04:35:48.000+0000,0.9.0,,
OPENJPA-75,2006-11-06T19:18:52.000+0000,0.9.0,,
OPENJPA-74,2006-11-02T02:48:00.000+0000,0.9.0,,
OPENJPA-73,2006-10-31T22:19:17.000+0000,0.9.0,,
OPENJPA-71,2006-10-31T01:06:29.000+0000,0.9.0,0.9.7,0.9.0;0.9.6
OPENJPA-70,2006-10-30T23:21:11.000+0000,0.9.0,,
OPENJPA-68,2006-10-27T06:10:34.000+0000,0.9.0,,
OPENJPA-67,2006-10-24T18:38:32.000+0000,0.9.0,,
OPENJPA-62,2006-10-04T01:33:57.000+0000,0.9.0,0.9.7,
OPENJPA-61,2006-09-28T13:29:24.000+0000,0.9.0,1.0.0,
OPENJPA-60,2006-09-27T18:49:25.000+0000,0.9.0,0.9.7,
OPENJPA-59,2006-09-25T13:22:47.000+0000,0.9.0,,
OPENJPA-58,2006-09-23T12:03:37.000+0000,0.9.0,,
OPENJPA-56,2006-09-20T16:55:36.000+0000,0.9.0,0.9.7,
OPENJPA-54,2006-09-19T01:25:34.000+0000,0.9.0,0.9.7,
OPENJPA-53,2006-09-19T01:20:21.000+0000,0.9.0,0.9.7,
OPENJPA-51,2006-09-19T01:12:45.000+0000,0.9.0,1.2.0,1.0.0;1.0.1;1.0.2;1.0.3;1.0.4;1.1.0;1.2.0
OPENJPA-50,2006-09-19T01:08:52.000+0000,0.9.0,0.9.7,
OPENJPA-48,2006-09-19T00:47:31.000+0000,0.9.0,0.9.7,
OPENJPA-46,2006-09-18T23:59:46.000+0000,0.9.0,,
OPENJPA-44,2006-09-11T23:08:07.000+0000,0.9.0,1.2.0,
OPENJPA-42,2006-09-07T22:26:45.000+0000,0.9.0,,
OPENJPA-41,2006-09-07T06:06:25.000+0000,0.9.0,0.9.7,
OPENJPA-35,2006-08-28T23:36:05.000+0000,0.9.0,0.9.7,0.9.0;0.9.6
OPENJPA-34,2006-08-25T15:57:25.000+0000,,,
OPENJPA-32,2006-08-23T22:59:13.000+0000,,,
OPENJPA-31,2006-08-23T22:41:32.000+0000,,,
OPENJPA-28,2006-08-21T19:10:27.000+0000,,1.2.0,
OPENJPA-25,2006-08-21T18:12:55.000+0000,,0.9.7,
OPENJPA-24,2006-08-21T13:27:35.000+0000,,0.9.7,
OPENJPA-23,2006-08-16T23:35:59.000+0000,,0.9.7,
OPENJPA-22,2006-08-16T23:32:39.000+0000,,0.9.7,
OPENJPA-21,2006-08-16T23:13:38.000+0000,,0.9.7,
OPENJPA-20,2006-08-16T23:11:59.000+0000,,1.2.0,
OPENJPA-16,2006-08-16T23:01:18.000+0000,,0.9.7,
OPENJPA-15,2006-08-16T22:46:57.000+0000,,,
OPENJPA-14,2006-08-16T17:44:33.000+0000,,,
OPENJPA-13,2006-08-14T22:09:30.000+0000,,,
OPENJPA-9,2006-08-09T15:03:51.000+0000,,1.1.0,
OPENJPA-7,2006-08-05T02:50:06.000+0000,,,
OPENJPA-3,2006-08-01T03:05:09.000+0000,,,
